"id","name","author","categoryId","pages","price","onSale","insertedBy","updatedBy","updatedAt","createdAt"
1,"560KG di Coca",Zer0_TUwU,1,23,270,1,2,,,"2025-01-10 14:39:13"
2,A caccia di 303,ItsAdaZz_,1,9,70,1,2,,,"2025-01-10 14:39:13"
3,Abbaiar Stanca,Andri91211,1,16,170,1,2,,,"2025-01-10 14:39:13"
4,Alice ed il,KilledByFire,1,12,170,1,2,,,"2025-01-10 14:39:13"
5,Amici,Itz_Laurea,1,15,170,1,2,,,"2025-01-10 14:39:13"
6,Astronauti Persi,Pricee,1,22,270,1,2,,,"2025-01-10 14:39:13"
7,Avventura paura,TFNico,1,16,170,1,2,,,"2025-01-10 14:39:13"
8,Bosco Incantato,nikidepro,1,18,170,1,2,,,"2025-01-10 14:39:13"
9,Camera con vista,carbonarabona2,1,10,70,1,2,,,"2025-01-10 14:39:13"
10,Cani Da Guerra,DiabloVII,1,25,270,1,2,,,"2025-01-10 14:39:13"
11,Casa Mia,ambrogio9,1,8,70,1,2,,,"2025-01-10 14:39:13"
12,Celeste Parte 1,ItzRaiv3n_,1,15,170,1,2,,,"2025-01-10 14:39:13"
13,CHERNOBYL,Luigi10_,1,10,70,1,2,,,"2025-01-10 14:39:13"
14,Colpo Di Stato,Dakerino,1,35,370,1,2,,,"2025-01-10 14:39:13"
15,CONTRABBANDIERE,Oblyyy,1,6,70,1,2,,,"2025-01-10 14:39:13"
16,Cursed Knight,iTz_Decker,1,8,70,1,2,,,"2025-01-10 14:39:13"
17,Dov'è Ibiza,Dakerino,1,25,270,1,2,,,"2025-01-10 14:39:13"
18,Drago Luce,giappone2098,1,19,170,1,2,,,"2025-01-10 14:39:13"
19,Faction's War,p4p4e1n0,1,24,270,1,2,,,"2025-01-10 14:39:13"
20,Fallimento,TanoCusacco,1,5,70,1,2,,,"2025-01-10 14:39:13"
21,FRIDA KAHLO,lorelai,1,6,70,1,2,,,"2025-01-10 14:39:13"
22,Fuga di Ender's,salvatoref6,1,11,170,1,2,,,"2025-01-10 14:39:13"
23,GANG,orticons,1,14,170,1,2,,,"2025-01-10 14:39:13"
24,Horizon 0 Down,GiusSim,1,14,170,1,2,,,"2025-01-10 14:39:14"
25,I giovani pirati,Bluflames,1,10,70,1,2,,,"2025-01-10 14:39:14"
26,Il Cubo,mrfior,1,47,470,1,2,,,"2025-01-10 14:39:14"
27,Il giro del Mondo,S3ft0n,1,12,170,1,2,,,"2025-01-10 14:39:14"
28,Il Libro negli Inferi,_Lucifer66,1,35,370,1,2,,,"2025-01-10 14:39:14"
29,IL POLLO DEL MOND,Imes3,1,21,270,1,2,,,"2025-01-10 14:39:14"
30,Il segreto di Zythan,niicxl3,1,48,470,1,2,,,"2025-01-10 14:39:14"
31,Il Veivolo,Lokega,1,42,470,1,2,,,"2025-01-10 14:39:14"
32,il viaggio,its_raiju_59,1,8,70,1,2,,,"2025-01-10 14:39:14"
33,Immortalità,mrfior,1,26,270,1,2,,,"2025-01-10 14:39:14"
34,IN BILICO,gabrysor73,1,9,70,1,2,,,"2025-01-10 14:39:14"
35,Indiana Bones,Imes3,1,10,70,1,2,,,"2025-01-10 14:39:14"
36,Isola Misteriosa,Fecon1780,1,13,170,1,2,,,"2025-01-10 14:39:14"
37,L'austronauta,SickMatty,1,11,170,1,2,,,"2025-01-10 14:39:14"
38,L'immortalità,mrfior,1,23,270,1,2,,,"2025-01-10 14:39:14"
39,L'isola dei misteri,Bread_Walker,1,55,470,1,2,,,"2025-01-10 14:39:14"
40,L'isola del Tesoro,Andri91211,1,11,170,1,2,,,"2025-01-10 14:39:14"
41,L'isola Perduta,Nico_Killed_YT,1,19,170,1,2,,,"2025-01-10 14:39:14"
42,L'isola Segreta,giappone2098,1,27,270,1,2,,,"2025-01-10 14:39:14"
43,L'isola Segreta 2,giappone2098,1,25,270,1,2,,,"2025-01-10 14:39:14"
44,L'orologio,AssoDiQuadri,1,13,170,1,2,,,"2025-01-10 14:39:14"
45,L'ultimo viaggio,filyyy_,1,13,170,1,2,,,"2025-01-10 14:39:14"
46,La CittÃ  1,s_m_a_u,1,9,70,1,2,,,"2025-01-10 14:39:14"
47,La Collana,SALAME18,1,6,70,1,2,,,"2025-01-10 14:39:14"
48,La cura,Lokega,1,10,70,1,2,,,"2025-01-10 14:39:14"
49,La macchina pazz,FilippoYang,1,10,70,1,2,,,"2025-01-10 14:39:14"
50,La notte del naufragio,Brendan,1,20,170,1,2,,,"2025-01-10 14:39:14"
51,La promozione,scheletrovolante,1,12,170,1,2,,,"2025-01-10 14:39:14"
52,La ragazza Sara,AbashedLace6904,1,11,170,1,2,,,"2025-01-10 14:39:14"
53,La Rovina,CnN,1,19,170,1,2,,,"2025-01-10 14:39:14"
54,La spada,LucaSuperOrigin,1,26,270,1,2,,,"2025-01-10 14:39:14"
55,Larry,JKR_Joker,1,12,170,1,2,,,"2025-01-10 14:39:14"
56,Le avventure di Marco,luanabananaa_,1,13,170,1,2,,,"2025-01-10 14:39:14"
57,le avventure di Robinson,Lupesco,1,11,170,1,2,,,"2025-01-10 14:39:14"
58,Lenggenda di kais,thewowisbang,1,10,70,1,2,,,"2025-01-10 14:39:14"
59,Luci Sotteranee,rikilmostro,1,19,170,1,2,,,"2025-01-10 14:39:14"
60,Mappa,Nico_killed_YT,1,19,170,1,2,,,"2025-01-10 14:39:14"
61,Metropolis,Sofiuccia,1,10,70,1,2,,,"2025-01-10 14:39:14"
62,minecraftiana,"07chan",1,10,70,1,2,,,"2025-01-10 14:39:14"
63,Mr. Ticklewist,FireDemonITA,1,50,470,1,2,,,"2025-01-10 14:39:14"
64,Mummia Kosovo,onix834,1,12,170,1,2,,,"2025-01-10 14:39:14"
65,NAUFRAGIO,DANIEL_1624,1,26,270,1,2,,,"2025-01-10 14:39:14"
66,NUOVA ERA pt:1,Twirzo,1,12,170,1,2,,,"2025-01-10 14:39:14"
67,Onda D'urto,TheLegendOfNight,1,22,270,1,2,,,"2025-01-10 14:39:14"
68,Pallore mortale,Lokega,1,10,70,1,2,,,"2025-01-10 14:39:14"
69,Particell,Lokega,1,9,70,1,2,,,"2025-01-10 14:39:14"
70,Piccoli Pirati,fracollo,1,11,170,1,2,,,"2025-01-10 14:39:14"
71,Poesie D'amore,CurranXMatte,1,10,70,1,2,,,"2025-01-10 14:39:14"
72,Qui la zampa!,Lollooo_,1,33,370,1,2,,,"2025-01-10 14:39:14"
73,rapinatori,tommaso_wgf2317,1,4,70,1,2,,,"2025-01-10 14:39:14"
74,Reality Game,Lokega,1,5,70,1,2,,,"2025-01-10 14:39:14"
75,Rhon.. Attento!,Heartt_,1,14,170,1,2,,,"2025-01-10 14:39:14"
76,Royal Mermaid,Gatobat,1,24,270,1,2,,,"2025-01-10 14:39:14"
77,Scherzo In Mare,alessandro00119,1,8,70,1,2,,,"2025-01-10 14:39:14"
78,SFORTUNAeAMORE,Otaku_supremo07,1,10,70,1,2,,,"2025-01-10 14:39:14"
79,Sotto l'oceano,Cryzotek,1,29,270,1,2,,,"2025-01-10 14:39:14"
80,Stelle del Texas,ColuiVedeRainbow,1,7,70,1,2,,,"2025-01-10 14:39:14"
81,Stelle in Fiamme,Nico_killed_YT,1,15,170,1,2,,,"2025-01-10 14:39:14"
82,Stranger reality,TheOnlyToty,1,26,270,1,2,,,"2025-01-10 14:39:14"
83,Sud 1,Cryzotek,1,48,470,1,2,,,"2025-01-10 14:39:14"
84,Sud 2,Cryzotek,1,35,370,1,2,,,"2025-01-10 14:39:14"
85,Tesori D'Amicizia,MidValsNight_,1,15,170,1,2,,,"2025-01-10 14:39:14"
86,The sovereign power,FrancescoBruno08,1,41,470,1,2,,,"2025-01-10 14:39:14"
87,ultima rapina,GiulioWGF,1,9,70,1,2,,,"2025-01-10 14:39:14"
88,Un lavoro 1,Cryzotek,1,42,470,1,2,,,"2025-01-10 14:39:14"
89,Un lavoro 2/1,Cryzotek,1,50,470,1,2,,,"2025-01-10 14:39:14"
90,Un lavoro 2/2,Cryzotek,1,9,70,1,2,,,"2025-01-10 14:39:14"
91,Un sogno,GTGFTRDT,1,29,270,1,2,,,"2025-01-10 14:39:14"
92,Un sogno 2,GTGFTRDT,1,30,270,1,2,,,"2025-01-10 14:39:14"
93,Un'isola da scoprire,Anna_13,1,11,170,1,2,,,"2025-01-10 14:39:14"
94,A men of true,IlProIntermedio_,2,6,70,1,2,,,"2025-01-10 14:39:14"
95,a nobody in road,zFilih_,2,20,170,1,2,,,"2025-01-10 14:39:14"
96,Alebello10 Diary,Alebello10,2,12,170,1,2,,,"2025-01-10 14:39:14"
97,Ali di libertÃ ,Riccardo92D,2,21,270,1,2,,,"2025-01-10 14:39:14"
98,AUTOBIOG. PT.1,ricdeste,2,10,70,1,2,,,"2025-01-10 14:39:14"
99,"2",SnowFallen,2,10,70,1,2,,,"2025-01-10 14:39:14"
100,Biografia Favij,mirko1130ytu1,2,11,170,1,2,,,"2025-01-10 14:39:14"
101,Biografica di CR7,mikimzz08,2,19,170,1,2,,,"2025-01-10 14:39:14"
102,BLACKPINK,Zwarrior_Lawliet,2,50,470,1,2,,,"2025-01-10 14:39:14"
103,blur,antoniogitto10,2,17,170,1,2,,,"2025-01-10 14:39:14"
104,CiccioGamer89,ItsAdaZz_,2,14,170,1,2,,,"2025-01-10 14:39:14"
105,Cuori Spezzati,nikidepro,2,11,170,1,2,,,"2025-01-10 14:39:14"
106,Dakerino,Dakerino,2,35,370,1,2,,,"2025-01-10 14:39:14"
107,Droga,AliLOL04,2,9,70,1,2,,,"2025-01-10 14:39:14"
108,Ecco chi sono,Gabrythemasting4,2,20,170,1,2,,,"2025-01-10 14:39:14"
109,Famoso 1,Dakerino,2,50,470,1,2,,,"2025-01-10 14:39:14"
110,Famoso 2,Dakerino,2,50,470,1,2,,,"2025-01-10 14:39:14"
111,Favij,VampireChristian,2,10,70,1,2,,,"2025-01-10 14:39:14"
112,Il Maestro,SmeltzWard_,2,10,70,1,2,,,"2025-01-10 14:39:14"
113,L'ELEFANTE,gabrysor73,2,10,70,1,2,,,"2025-01-10 14:39:14"
114,L'UMILTA',AntonioSon2002,2,33,370,1,2,,,"2025-01-10 14:39:14"
115,LA MIA STORIA,mcbozz,2,5,70,1,2,,,"2025-01-10 14:39:14"
116,La mia vita pt2,ALXpietro,2,11,170,1,2,,,"2025-01-10 14:39:14"
117,LA MIA VITA PT2,ALXpietro,2,11,170,1,2,,,"2025-01-10 14:39:14"
118,La mia vita!!,Riki12,2,5,70,1,2,,,"2025-01-10 14:39:14"
119,La rivincita,Brendan,2,32,370,1,2,,,"2025-01-10 14:39:14"
120,La Strada del Successo - Il Successo,Dany766,2,50,470,1,2,,,"2025-01-10 14:39:14"
121,Lionel Messi,Wizard_XII,2,17,170,1,2,,,"2025-01-10 14:39:14"
122,Maledetta Troia,Dakerino,2,35,370,1,2,,,"2025-01-10 14:39:14"
123,MikeShowSha,mirko1130ytu1,2,7,70,1,2,,,"2025-01-10 14:39:14"
124,NON CREDO RILLES,Rilles,2,5,70,1,2,,,"2025-01-10 14:39:14"
125,Novità - Prologo,Gjunior1234,2,6,70,1,2,,,"2025-01-10 14:39:14"
126,Novità 1,Gjunior1234,2,11,170,1,2,,,"2025-01-10 14:39:14"
127,Novità 2,Gjunior,2,8,70,1,2,,,"2025-01-10 14:39:14"
128,Picc Stronzetto,italjettreal,2,31,370,1,2,,,"2025-01-10 14:39:14"
129,Ragazza pt.1 Not,Tommy2368,2,7,70,1,2,,,"2025-01-10 14:39:14"
130,Ragazzo di strada,RyZeeTheBest,2,9,70,1,2,,,"2025-01-10 14:39:14"
131,Sjavekistana,SickMatty,2,13,170,1,2,,,"2025-01-10 14:39:14"
132,tutti contiamo,Jnferno33,2,16,170,1,2,,,"2025-01-10 14:39:14"
133,Ursula,XxAsiagamexX,2,17,170,1,2,,,"2025-01-10 14:39:14"
134,Box Harry Potter,MidValsNight_,3,65,2000,1,2,,,"2025-01-10 14:39:14"
135,Box Inferno DivinaCommedia,rikilmostro,3,78,800,1,2,,,"2025-01-10 14:39:14"
136,"5 Minuti Fatali",max0294,4,4,70,1,2,,,"2025-01-10 14:39:14"
137,Anti Church,Ricottx_,4,12,170,1,2,,,"2025-01-10 14:39:14"
138,Avventure di,FujiLord,4,12,170,1,2,,,"2025-01-10 14:39:14"
139,barzellette,francy00_,4,3,70,1,2,,,"2025-01-10 14:39:14"
140,Barzellette F.V1,fairfoil,4,11,170,1,2,,,"2025-01-10 14:39:14"
141,battute belle,Morfeus,4,7,70,1,2,,,"2025-01-10 14:39:14"
142,Battute diverte,The_red_killer74,4,11,170,1,2,,,"2025-01-10 14:39:14"
143,Black Humor 1,XpaperaXostrich,4,28,270,1,2,,,"2025-01-10 14:39:14"
144,BlackmaNonTroppo,Xxfiocco,4,6,70,1,2,,,"2025-01-10 14:39:14"
145,Brividi,Dakerino,4,10,70,1,2,,,"2025-01-10 14:39:14"
146,by Tommy2368,Tommy2368,4,8,70,1,2,,,"2025-01-10 14:39:14"
147,Che spasso,ItzMatte,4,42,470,1,2,,,"2025-01-10 14:39:14"
148,Ciccio Speranza,Itz_Decker,4,8,70,1,2,,,"2025-01-10 14:39:14"
149,cicciogamer89-1,Paperella_obesa,4,3,70,1,2,,,"2025-01-10 14:39:14"
150,CINESINO LA GANG,LaserFier,4,22,270,1,2,,,"2025-01-10 14:39:14"
151,Comics,Omega__YTT,4,36,370,1,2,,,"2025-01-10 14:39:14"
152,CP,Cryzotek,4,16,170,1,2,,,"2025-01-10 14:39:14"
153,Festa Disastrosa,"3l4Red",4,14,170,1,2,,,"2025-01-10 14:39:14"
154,filastrocche,alb3rt07,4,5,70,1,2,,,"2025-01-10 14:39:14"
155,Freddure (SmeltzWard_),SmeltzWard_,4,10,70,1,2,,,"2025-01-10 14:39:14"
156,Freddure e Barzellette,Tokiko_Sexta,4,29,270,1,2,,,"2025-01-10 14:39:14"
157,I porci fascisti,_ImLuigi_,4,11,170,1,2,,,"2025-01-10 14:39:14"
158,Il det.blasfemo,Neurorder,4,5,70,1,2,,,"2025-01-10 14:39:14"
159,Il fagiolo comic,ZekroWasTaken,4,4,70,1,2,,,"2025-01-10 14:39:14"
160,Il rosso comico,Skrizz,4,5,70,1,2,,,"2025-01-10 14:39:14"
161,Imene,SbuRiscaldato,4,50,470,1,2,,,"2025-01-10 14:39:14"
162,INSULTI (UwU :3),Arpiik,4,10,70,1,2,,,"2025-01-10 14:39:14"
163,l'evento comico,Alebello10,4,6,70,1,2,,,"2025-01-10 14:39:14"
164,La mia vita P1,Tatytigre,4,8,70,1,2,,,"2025-01-10 14:39:14"
165,LEGGE 104,Cryzotek,4,36,370,1,2,,,"2025-01-10 14:39:14"
166,Pierino...,TheLegendOfNight,4,11,170,1,2,,,"2025-01-10 14:39:14"
167,Pulmoserum,Cryzotek,4,20,170,1,2,,,"2025-01-10 14:39:14"
168,Ridere Insieme,Pardy1221_,4,24,270,1,2,,,"2025-01-10 14:39:14"
169,San Carlo,Ilpastore25,4,14,170,1,2,,,"2025-01-10 14:39:14"
170,"STRAN,AM",ngfjgbfggh,4,3,70,1,2,,,"2025-01-10 14:39:14"
171,Un 18esimo....,FR057AMONG,4,27,270,1,2,,,"2025-01-10 14:39:14"
172,Una Famniglia Felice,K3KK00,4,16,170,1,2,,,"2025-01-10 14:39:14"
173,Vacanze Insieme!,Gioxyez,4,9,70,1,2,,,"2025-01-10 14:39:14"
174,Violated,walterhh,4,14,170,1,2,,,"2025-01-10 14:39:14"
175,ahah. 1,CallMeZek0,5,13,170,1,2,,,"2025-01-10 14:39:14"
176,Ahah. 2,CallMeZek0,5,12,170,1,2,,,"2025-01-10 14:39:14"
177,Best Pulcino 1,Faren333,5,11,170,1,2,,,"2025-01-10 14:39:14"
178,dayli routine,sbaffo,5,8,70,1,2,,,"2025-01-10 14:39:14"
179,Disagiadventure,lamarty04,5,20,170,1,2,,,"2025-01-10 14:39:14"
180,Disagiadventure 2,lamarty04,5,22,270,1,2,,,"2025-01-10 14:39:14"
181,Edward James,"60SDiablo",5,16,170,1,2,,,"2025-01-10 14:39:14"
182,HoSbagliatoMondo,_Frada9019_,5,16,170,1,2,,,"2025-01-10 14:39:14"
183,In punizione,RickyAFK_09Black,5,8,70,1,2,,,"2025-01-10 14:39:14"
184,io me e mestesso,vincopallino,5,16,170,1,2,,,"2025-01-10 14:39:14"
185,La mancanza,JoshuaMezzanotte,5,8,70,1,2,,,"2025-01-10 14:39:14"
186,La storia di uno,Infrazione,5,14,170,1,2,,,"2025-01-10 14:39:14"
187,La Vita In Cella,SurerGabro,5,20,170,1,2,,,"2025-01-10 14:39:14"
188,LFNSC Capitolo 1,"44reezy",5,15,170,1,2,,,"2025-01-10 14:39:14"
189,Lo studente,Torone190,5,6,70,1,2,,,"2025-01-10 14:39:14"
190,Morse,Withqutme,5,13,170,1,2,,,"2025-01-10 14:39:14"
191,Ragazzo Salvatore,EaddammoTVIT2,5,6,70,1,2,,,"2025-01-10 14:39:14"
192,RiccoDiPoverta' 1,xX_Hiss_Xx,5,18,170,1,2,,,"2025-01-10 14:39:14"
193,RiccoDiPoverta'PT,xX_Hiss_Xx,5,13,170,1,2,,,"2025-01-10 14:39:14"
194,sopravvivere,_martinaaaah_,5,45,470,1,2,,,"2025-01-10 14:39:14"
195,thoughts,_martinaaaah_,5,28,270,1,2,,,"2025-01-10 14:39:14"
196,Unione,Creep_Ray_457,5,41,470,1,2,,,"2025-01-10 14:39:14"
197,A Fascist Tale,SonoOrsoSmarrito,6,8,70,1,2,,,"2025-01-10 14:39:14"
198,Il Silenzio di Marta,Austenide,6,22,270,1,2,,,"2025-01-10 14:39:14"
199,La Casa di Carta Vol1 P1,rikilmostro,6,42,470,1,2,,,"2025-01-10 14:39:14"
200,Ombre Passate,AssoDiQuadri,6,11,170,1,2,,,"2025-01-10 14:39:14"
201,"007 HARD 18+",getonplay,7,23,270,1,2,2,"2025-02-06 21:34:05.193 +00:00","2025-01-10 14:39:15"
202,Anthony sex,ianni_alex,7,17,170,1,2,,,"2025-01-10 14:39:15"
203,Appena Svegli,TheLegendOfNight,7,22,270,1,2,,,"2025-01-10 14:39:15"
204,CamminoDiBanane,xX_Hiss_Xx,7,15,170,1,2,,,"2025-01-10 14:39:15"
205,Capunzel,darisces,7,2,70,1,2,,,"2025-01-10 14:39:15"
206,Capunzel 2,darisces,7,2,70,1,2,,,"2025-01-10 14:39:15"
207,Capunzel 3,darisces,7,2,70,1,2,,,"2025-01-10 14:39:15"
208,Capunzel 4 (fine),darisces,7,2,70,1,2,,,"2025-01-10 14:39:15"
209,caramellefragol,thegreatwall2807,7,50,470,1,2,,,"2025-01-10 14:39:15"
210,CLO LA VERGINE,getonplay,7,38,370,1,2,,,"2025-01-10 14:39:15"
211,Da suora a troia,boh_alberto,7,26,270,1,2,,,"2025-01-10 14:39:15"
212,Drunk,Cryzotek,7,42,470,1,2,,,"2025-01-10 14:39:15"
213,Gabbia Del Sesso,Dakerino,7,45,470,1,2,,,"2025-01-10 14:39:15"
214,Gabbia Del Sesso 2,Dakerino,7,40,370,1,2,,,"2025-01-10 14:39:15"
215,Gabbia Del Sesso 3,Dakerino,7,40,370,1,2,,,"2025-01-10 14:39:15"
216,Idraulico Orso,novee_,7,25,270,1,2,,,"2025-01-10 14:39:15"
217,Il Fascicolo 1,Cryzotek,7,50,470,1,2,,,"2025-01-10 14:39:15"
218,Il Fascicolo 2,Cryzotek,7,50,470,1,2,,,"2025-01-10 14:39:15"
219,Il Fascicolo 3,Cryzotek,7,40,370,1,2,,,"2025-01-10 14:39:15"
220,Il letto pazzo,YouAreSad,7,9,70,1,2,,,"2025-01-10 14:39:15"
221,Il piacere,Atzo04,7,41,470,1,2,,,"2025-01-10 14:39:15"
222,Il sesso domina,novee_,7,23,270,1,2,,,"2025-01-10 14:39:15"
223,IL SOGNO,Gabrythemasting4,7,9,70,1,2,,,"2025-01-10 14:39:15"
224,Kamasutra vol.1,getonplay,7,12,170,1,2,,,"2025-01-10 14:39:15"
225,La Carota,Lucaluclucaluc,7,8,70,1,2,,,"2025-01-10 14:39:15"
226,La coppietta 1,Cryzotek,7,50,470,1,2,,,"2025-01-10 14:39:15"
227,La coppietta 2,Cryzotek,7,12,170,1,2,,,"2025-01-10 14:39:15"
228,La Prima Sega,_JustFede_,7,14,170,1,2,,,"2025-01-10 14:39:15"
229,La Sborrata,Dakerino,7,30,270,1,2,,,"2025-01-10 14:39:15"
230,La Sborrata 2,Dakerino,7,30,270,1,2,,,"2025-01-10 14:39:15"
231,Lei viene prima,skmolly,7,22,270,1,2,,,"2025-01-10 14:39:15"
232,migliori amici,cetriolina404,7,18,170,1,2,,,"2025-01-10 14:39:15"
233,No Alternatives1,Cryzotek,7,50,470,1,2,,,"2025-01-10 14:39:15"
234,No Alternatives2,Cryzotek,7,20,170,1,2,,,"2025-01-10 14:39:15"
235,Oneshot eros -1,GecospyITA02,7,43,470,1,2,,,"2025-01-10 14:39:15"
236,Orgia Assassina,RockMan2000,7,15,170,1,2,,,"2025-01-10 14:39:15"
237,Orgia Assassina 2,RockMan2000,7,16,170,1,2,,,"2025-01-10 14:39:15"
238,Parere femminile,monstera01,7,41,470,1,2,,,"2025-01-10 14:39:15"
239,Pecora lupo,Cryzotek,7,16,170,1,2,,,"2025-01-10 14:39:15"
240,Pene di DuxSamu,DuxSamu_,7,7,70,1,2,,,"2025-01-10 14:39:15"
241,Quella lei,TomAn_,7,19,170,1,2,,,"2025-01-10 14:39:15"
242,Secretly 1,Cryzotek,7,50,470,1,2,,,"2025-01-10 14:39:15"
243,Secretly 2,Cryzotek,7,8,70,1,2,,,"2025-01-10 14:39:15"
244,Serata amorosa,Schummy_78,7,8,70,1,2,,,"2025-01-10 14:39:15"
245,Tamashii Insert,filoliial,7,17,170,1,2,,,"2025-01-10 14:39:15"
246,Toast (VOL. 1),Ricktcher,7,26,270,1,2,,,"2025-01-10 14:39:15"
247,Why not? 1,CallMeZek0,7,19,170,1,2,,,"2025-01-10 14:39:15"
248,Why not? 2,CallMeZek0,7,23,270,1,2,,,"2025-01-10 14:39:15"
249,Why not? 3,CallMeZek0,7,16,170,1,2,,,"2025-01-10 14:39:15"
250,Why not? 4,CallMeZek0,7,11,170,1,2,,,"2025-01-10 14:39:15"
251,.,il_Dezza,8,7,70,1,2,,,"2025-01-10 14:39:15"
252,"2112:Norton PT1",B4DZY,8,17,170,1,2,,,"2025-01-10 14:39:15"
253,"3020",Fruads,8,24,270,1,2,,,"2025-01-10 14:39:15"
254,"4Â°Dimensione",italjettreal,8,11,170,1,2,,,"2025-01-10 14:39:15"
255,Alter Ego,Lokega,8,9,70,1,2,,,"2025-01-10 14:39:15"
256,ANCHE I MARZIANI,xAK74x,8,30,270,1,2,,,"2025-01-10 14:39:15"
257,Anno 3000,Lokega,8,10,70,1,2,,,"2025-01-10 14:39:15"
258,craftas.07chan,"07chan",8,20,170,1,2,,,"2025-01-10 14:39:15"
259,CristalloDiWakfu,Fauno_00,8,13,170,1,2,,,"2025-01-10 14:39:15"
260,Deep Space,Lord_RC,8,47,470,1,2,,,"2025-01-10 14:39:15"
261,Deep Space 2,Lord_RC,8,37,370,1,2,,,"2025-01-10 14:39:15"
262,DOCTOR WHO S1 E1,Rauduus,8,10,70,1,2,,,"2025-01-10 14:39:15"
263,FineDelMondo2046,Bricky_400,8,22,270,1,2,,,"2025-01-10 14:39:15"
264,FineDelMondo2047,Bricky_400,8,47,470,1,2,,,"2025-01-10 14:39:15"
265,HRN,DiabloVII,8,36,370,1,2,,,"2025-01-10 14:39:15"
266,I Pirati,FuturGiovix,8,18,170,1,2,,,"2025-01-10 14:39:15"
267,L'amico Robot,hackers_20081,8,4,70,1,2,,,"2025-01-10 14:39:15"
268,L'interfaccia dei sogni,Pardy1221_,8,41,470,1,2,,,"2025-01-10 14:39:15"
269,L’Odyssey della Stella Nova,giappone2098,8,25,270,1,2,,,"2025-01-10 14:39:15"
270,LaVoceDel Pavone,FlexedBridge491,8,7,70,1,2,,,"2025-01-10 14:39:15"
271,Luce morente,Lokega,8,9,70,1,2,,,"2025-01-10 14:39:15"
272,Nebbie Interstellari,Capt_17,8,63,470,1,2,,,"2025-01-10 14:39:15"
273,Oggetto Bizzarro,Lokega,8,10,70,1,2,,,"2025-01-10 14:39:15"
274,ReadyPlayerOne 1,iamKenji,8,16,170,1,2,,,"2025-01-10 14:39:15"
275,ReadyPlayerOne 2,iamKenji,8,17,170,1,2,,,"2025-01-10 14:39:15"
276,RitornoAlFuturo,LeleGamerYT,8,15,170,1,2,,,"2025-01-10 14:39:15"
277,Segreto Elementi,DiabloVI,8,14,170,1,2,,,"2025-01-10 14:39:15"
278,Space History,IlProIntermedio_,8,24,270,1,2,,,"2025-01-10 14:39:15"
279,Stelle del Tempo,DiabloVI,8,19,170,1,2,,,"2025-01-10 14:39:15"
280,Teorie Alieni,Co54,8,8,70,1,2,,,"2025-01-10 14:39:15"
281,Teorie Fine,Co54,8,8,70,1,2,,,"2025-01-10 14:39:15"
282,Teorie Futuri,Co54,8,9,70,1,2,,,"2025-01-10 14:39:15"
283,The 100 Cap. 1,DossYouEz,8,42,470,1,2,,,"2025-01-10 14:39:15"
284,Ultima Stazione,rikilmostro,8,11,170,1,2,,,"2025-01-10 14:39:15"
285,Anime Scomparse,gabrieleT05,9,25,270,1,2,,,"2025-01-10 14:39:15"
286,Arrivo Oscurità,Capt_17,9,38,370,1,2,,,"2025-01-10 14:39:15"
287,Black Santa,Dakerino,9,35,370,1,2,,,"2025-01-10 14:39:15"
288,Briar,Arkeon14,9,23,270,1,2,,,"2025-01-10 14:39:15"
289,Casa del Tempo,xX_Ano_Xx,9,8,70,1,2,,,"2025-01-10 14:39:15"
290,Chicchi Magici,DiabloVII,9,41,470,1,2,,,"2025-01-10 14:39:15"
291,Chicchi Magici 2,DiabloVII,9,45,470,1,2,,,"2025-01-10 14:39:15"
292,Chicchi Magici 3,DiabloVII,9,38,370,1,2,,,"2025-01-10 14:39:15"
293,Chicchi Magici 4,DiabloVII,9,33,370,1,2,,,"2025-01-10 14:39:15"
294,Città Senza name,BambinoApple10,9,28,270,1,2,,,"2025-01-10 14:39:15"
295,Creeper,LittleGiorgix9,9,3,70,1,2,,,"2025-01-10 14:39:15"
296,Crystal #,ItsKawaiiYukki,9,7,70,1,2,,,"2025-01-10 14:39:15"
297,Draghi,DarkRexis_,9,49,470,1,2,,,"2025-01-10 14:39:15"
298,Drago Glaciale,dark04238,9,11,170,1,2,,,"2025-01-10 14:39:15"
299,Dreams Adventure,Yushiro__,9,8,70,1,2,,,"2025-01-10 14:39:15"
300,Elandor,Capt_17,9,34,370,1,2,,,"2025-01-10 14:39:15"
301,Eldoria I,Ohtraven1,9,9,70,1,2,,,"2025-01-10 14:39:15"
302,Eragon 1,obiwankenobi8,9,14,170,1,2,,,"2025-01-10 14:39:15"
303,Felice apocaliss,L0LL0XD,9,6,70,1,2,,,"2025-01-10 14:39:15"
304,Fiammella,Arkeon14,9,7,70,1,2,,,"2025-01-10 14:39:15"
305,Frieren,Arkeon14,9,12,170,1,2,,,"2025-01-10 14:39:15"
306,FuocoDiFerro -01,GecospyITA02,9,50,470,1,2,,,"2025-01-10 14:39:15"
307,Gilneas,Arkeon14,9,29,270,1,2,,,"2025-01-10 14:39:15"
308,GIOVANI EROI,Revenyx,9,9,70,1,2,,,"2025-01-10 14:39:15"
309,Gli u,xX_GioGamer_Xx,9,20,170,1,2,,,"2025-01-10 14:39:15"
310,Guardian Univers,Nico_killed_YT,9,15,170,1,2,,,"2025-01-10 14:39:15"
311,Guerra tra Angeli,Pardy1221_,9,29,270,1,2,,,"2025-01-10 14:39:15"
312,Harry Potter 1,MidValsNight_,9,7,70,1,2,,,"2025-01-10 14:39:15"
313,Harry Potter 2,MidValsNight_,9,11,170,1,2,,,"2025-01-10 14:39:15"
314,Harry Potter 3,MidValsNight_,9,10,70,1,2,,,"2025-01-10 14:39:15"
315,Harry Potter 4,MidValsNight_,9,11,170,1,2,,,"2025-01-10 14:39:15"
316,Harry Potter 5,MidValsNight_,9,10,70,1,2,,,"2025-01-10 14:39:15"
317,Harry Potter 6,MidValsNight_,9,10,70,1,2,,,"2025-01-10 14:39:15"
318,Harry Potter 7,MidValsNight_,9,6,70,1,2,,,"2025-01-10 14:39:15"
319,Hazel,xX_Ano_Xx,9,7,70,1,2,,,"2025-01-10 14:39:15"
320,I 20 D.I. 1,_DAOH_,9,10,70,1,2,,,"2025-01-10 14:39:15"
321,I cavalieri,dark04238,9,16,170,1,2,,,"2025-01-10 14:39:15"
322,I Guardians,TheZriano,9,8,70,1,2,,,"2025-01-10 14:39:15"
323,I Lupi Mannari,Youssef_7_ITA,9,12,170,1,2,,,"2025-01-10 14:39:15"
324,I maghi-pt.1,Tinefam,9,37,370,1,2,,,"2025-01-10 14:39:15"
325,Il bosco degli spiriti,AssoDiQuadri,9,17,170,1,2,,,"2025-01-10 14:39:15"
326,Il Continente Segreto,vulpixshy82,9,18,170,1,2,,,"2025-01-10 14:39:15"
327,Il dragone,JKR_Joker,9,15,170,1,2,,,"2025-01-10 14:39:15"
328,Il fantavedente,darisces,9,13,170,1,2,,,"2025-01-10 14:39:15"
329,Il Fante,Tommy2368,9,21,270,1,2,,,"2025-01-10 14:39:15"
330,il mantello,xToxicThoughts,9,7,70,1,2,,,"2025-01-10 14:39:15"
331,Il Minotauro,xToxicThoughts,9,8,70,1,2,,,"2025-01-10 14:39:15"
332,Il Mistero della Foresta,scheletrovolante,9,12,170,1,2,,,"2025-01-10 14:39:15"
333,Il paese dei,obiwankenobi8,9,14,170,1,2,,,"2025-01-10 14:39:15"
334,Il Portale del Destino,Flacogamer99,9,11,170,1,2,,,"2025-01-10 14:39:15"
335,Il Regno di Eldoria,Fruads,9,15,170,1,2,,,"2025-01-10 14:39:15"
336,Il regno di Lyrath,Nico_killed_YT,9,17,170,1,2,,,"2025-01-10 14:39:15"
337,Il Theradon,Fede_uersi,9,19,170,1,2,,,"2025-01-10 14:39:15"
338,Il vecchio,Lokega,9,9,70,1,2,,,"2025-01-10 14:39:15"
339,Il Vecchio Ulivo,Fraaa__,9,17,170,1,2,,,"2025-01-10 14:39:15"
340,Il viaggio di Luna,nikdepro,9,11,170,1,2,,,"2025-01-10 14:39:15"
341,inamorata,IohanneS_06,9,11,170,1,2,,,"2025-01-10 14:39:15"
342,Intrappolati nel futuro,Brendan,9,30,270,1,2,,,"2025-01-10 14:39:15"
343,Invicta,Lokega,9,44,470,1,2,,,"2025-01-10 14:39:15"
344,Jolakottur,BunnyJtv,9,22,270,1,2,,,"2025-01-10 14:39:15"
345,L'altro mondo,Gio07_,9,16,170,1,2,,,"2025-01-10 14:39:15"
346,L'avventura di luffy,luanabananaa_,9,11,170,1,2,,,"2025-01-10 14:39:15"
347,L'epopea di Aria,Legit_Lingo,9,25,270,1,2,,,"2025-01-10 14:39:15"
348,L'Isola Zaffiro,Fraaa__,9,16,170,1,2,,,"2025-01-10 14:39:15"
349,L'olimpio,filoliial,9,22,270,1,2,,,"2025-01-10 14:39:15"
350,L'olimpio 2,filoliial,9,17,170,1,2,,,"2025-01-10 14:39:15"
351,L'ultima pasqua,H1ghl4nd3r_H3r0_,9,45,370,1,2,,,"2025-01-10 14:39:15"
352,l'uovo di luce,dome24ita,9,16,170,1,2,,,"2025-01-10 14:39:15"
353,La biblioteca,Cryzotek,9,16,170,1,2,,,"2025-01-10 14:39:15"
354,La Chiave dei Cinque Regni,filyyy_,9,13,170,1,2,,,"2025-01-10 14:39:15"
355,La Città dei Sogni 1,rikilmostro,9,18,170,1,2,,,"2025-01-10 14:39:15"
356,La DarkMetro,Itz_pander,9,15,170,1,2,,,"2025-01-10 14:39:15"
357,LA METAMORFOSI,obiwankenobi8,9,24,270,1,2,,,"2025-01-10 14:39:15"
358,LA NEVE,gabrysor73,9,13,170,1,2,,,"2025-01-10 14:39:15"
359,La notte di bert,melafonino69,9,11,170,1,2,,,"2025-01-10 14:39:15"
360,la sfera di Natale,lyy_black,9,3,70,1,2,,,"2025-01-10 14:39:15"
361,La Strada di Luce,Pardy1221_,9,26,270,1,2,,,"2025-01-10 14:39:15"
362,la strega,Lokega,9,9,70,1,2,,,"2025-01-10 14:39:15"
363,La terra degli specchi magici,Frudas,9,14,170,1,2,,,"2025-01-10 14:39:15"
364,La tristezza interiore,Gelix980,9,21,270,1,2,,,"2025-01-10 14:39:15"
365,La vita ingiusta,K3KK00,9,22,270,1,2,,,"2025-01-10 14:39:15"
366,LaStoriaInfinita,obiwankenobi8,9,20,170,1,2,,,"2025-01-10 14:39:15"
367,le avventure di VittoBig,VittoBig,9,29,270,1,2,,,"2025-01-10 14:39:15"
368,Le Cronache di Lyria pt.2,filyyy_,9,11,170,1,2,,,"2025-01-10 14:39:15"
369,Link e Charizard,LInkArrapato,9,19,170,1,2,,,"2025-01-10 14:39:15"
370,Lo Hobbit,DarkRewis_,9,40,370,1,2,,,"2025-01-10 14:39:15"
371,Lo Hobbit 2,DarkRewis_,9,38,370,1,2,,,"2025-01-10 14:39:15"
372,Lo Hobbit 3,DarkRewis_,9,33,370,1,2,,,"2025-01-10 14:39:15"
373,Lo Strano Cane 1,Kazumasanio,9,2,70,1,2,,,"2025-01-10 14:39:15"
374,Lo Strano Cane 2,Kazumasanio,9,2,70,1,2,,,"2025-01-10 14:39:15"
375,Lo Stregone,GioDegra,9,14,170,1,2,,,"2025-01-10 14:39:15"
376,MAGIC UNIVERSITY,graygamer44,9,17,170,1,2,,,"2025-01-10 14:39:15"
377,Mario e Maria,SenpayLxvesEreh,9,24,270,1,2,,,"2025-01-10 14:39:15"
378,Miti Greci,HeyyImMary897,9,49,470,1,2,,,"2025-01-10 14:39:15"
379,Mitologia Greca,Zniiko,9,34,370,1,2,,,"2025-01-10 14:39:15"
380,Mitologia Greca2,zNiiko,9,35,370,1,2,,,"2025-01-10 14:39:15"
381,Nata di nuovo,SabryCat_,9,50,470,1,2,,,"2025-01-10 14:39:15"
382,Noi contro Tutti,xShadowHDz,9,9,70,1,2,,,"2025-01-10 14:39:15"
383,nonna angelina,SenpayLxvesEreh,9,20,170,1,2,,,"2025-01-10 14:39:15"
384,Occhi rossi,_ZoeVale_,9,11,170,1,2,,,"2025-01-10 14:39:15"
385,Ohio,Dakerino,9,40,370,1,2,,,"2025-01-10 14:39:15"
386,Omero racconta,xToxicThoughts,9,14,170,1,2,,,"2025-01-10 14:39:15"
387,Oscurità Dentro,MidValsNight_,9,17,170,1,2,,,"2025-01-10 14:39:15"
388,PadroneDelVuoto,GianniLavaPanni,9,26,270,1,2,,,"2025-01-10 14:39:15"
389,Pandaria,Arkeon14,9,9,70,1,2,,,"2025-01-10 14:39:15"
390,Pasqua Cosmica,Nico_Killed_YT,9,21,270,1,2,,,"2025-01-10 14:39:16"
391,Patata23,DrShihTzu,9,11,170,1,2,,,"2025-01-10 14:39:16"
392,Persefone,HeyyImMary897,9,9,70,1,2,,,"2025-01-10 14:39:16"
393,Piccola Foglia,GioDegra,9,6,70,1,2,,,"2025-01-10 14:39:16"
394,Pinocchio 1,Andrygamer06,9,17,170,1,2,,,"2025-01-10 14:39:16"
395,Pinocchio 2,Andrygamer06,9,18,170,1,2,,,"2025-01-10 14:39:16"
396,Pinocchio 3,Andrygamer06,9,27,270,1,2,,,"2025-01-10 14:39:16"
397,Prima del vuoto,Nekkyna,9,9,70,1,2,,,"2025-01-10 14:39:16"
398,Prologo,Rizend,9,20,170,1,2,,,"2025-01-10 14:39:16"
399,Ragazzo Fortunato,Onda_Oscura,9,15,170,1,2,,,"2025-01-10 14:39:16"
400,Ribelle,GiorgiaFede,9,7,70,1,2,,,"2025-01-10 14:39:16"
401,Sam&Carly,GioDegra,9,12,170,1,2,,,"2025-01-10 14:39:16"
402,Shrek [1],XxDragonfire99xX,9,9,70,1,2,,,"2025-01-10 14:39:16"
403,Silenzio bruno,Peppex29,9,6,70,1,2,,,"2025-01-10 14:39:16"
404,Starcraft,Arkeon14,9,21,270,1,2,,,"2025-01-10 14:39:16"
405,StorieELeggende,G1uli0,9,31,370,1,2,,,"2025-01-10 14:39:16"
406,Successori,Just_JJ,9,7,70,1,2,,,"2025-01-10 14:39:16"
407,Therabithia,pippo59,9,17,170,1,2,,,"2025-01-10 14:39:16"
408,Tike Adventure1,kriptos91_,9,10,70,1,2,,,"2025-01-10 14:39:16"
409,TOKIO GHOUL1,thewowisbang,9,20,170,1,2,,,"2025-01-10 14:39:16"
410,Trhall,Arkeon14,9,13,170,1,2,,,"2025-01-10 14:39:16"
411,Un Viaggio!,SurerGabro2,9,33,370,1,2,,,"2025-01-10 14:39:16"
412,Un'alba diversa,boh_alberto,9,19,170,1,2,,,"2025-01-10 14:39:16"
413,Una rosa.,Lollo_Libe,9,22,270,1,2,,,"2025-01-10 14:39:16"
414,Undertale 1,Enderohh,9,15,170,1,2,,,"2025-01-10 14:39:16"
415,Vacanze,xFaanabii,9,39,370,1,2,,,"2025-01-10 14:39:16"
416,Vol.1 Elementi,rikilmostro,9,17,170,1,2,,,"2025-01-10 14:39:16"
417,Vol.2 Elementi,rikilmostro,9,12,170,1,2,,,"2025-01-10 14:39:16"
418,Vurt magic 780,Tommy2368,9,34,370,1,2,,,"2025-01-10 14:39:16"
419,Wonder1,Khaos_Fn4tic,9,9,70,1,2,,,"2025-01-10 14:39:16"
420,Avvoltoio Lupo,micia27809gamer,10,6,70,1,2,,,"2025-01-10 14:39:16"
421,B & 7 Cap.1,"1111ciao1111",10,50,470,1,2,,,"2025-01-10 14:39:16"
422,B & 7 Cap.2,"1111ciao1111",10,20,170,1,2,,,"2025-01-10 14:39:16"
423,Cappuccietto,matman,10,20,170,1,2,,,"2025-01-10 14:39:16"
424,Cappucetto Rosso,Fra2011,10,15,170,1,2,,,"2025-01-10 14:39:16"
425,Fiabe,ItzRa1nbow,10,43,470,1,2,,,"2025-01-10 14:39:16"
426,Hansel e Gretel,obiwankenobi8,10,47,470,1,2,,,"2025-01-10 14:39:16"
427,I Tre Pulcini,iLoveEsdeath,10,7,70,1,2,,,"2025-01-10 14:39:16"
428,Il bradipo,Cryzotek,10,7,70,1,2,,,"2025-01-10 14:39:16"
429,IL CAV. PENTITO,sono_ciontento,10,11,170,1,2,,,"2025-01-10 14:39:16"
430,Kevin,Andri91211,10,14,170,1,2,,,"2025-01-10 14:39:16"
431,La ricerca,Cryzotek,10,40,370,1,2,,,"2025-01-10 14:39:16"
432,La Tatuana,TikeToke,10,6,70,1,2,,,"2025-01-10 14:39:16"
433,Luce di Serafina,Capt_17,10,15,170,1,2,,,"2025-01-10 14:39:16"
434,Luminia,AssoDiQuadri,10,11,170,1,2,,,"2025-01-10 14:39:16"
435,Mare Profondo,AssoDiQuadri,10,14,170,1,2,,,"2025-01-10 14:39:16"
436,Matilde,Andri91211,10,15,170,1,2,,,"2025-01-10 14:39:16"
437,Pollicino,obiwankenobi8,10,45,470,1,2,,,"2025-01-10 14:39:16"
438,Rapunzel,TheLegendOfNight,10,23,270,1,2,,,"2025-01-10 14:39:16"
439,Red Hood,mikyfire05,10,6,70,1,2,,,"2025-01-10 14:39:16"
440,Babbo Pazzo,dark04238,11,26,270,1,2,,,"2025-01-10 14:39:16"
441,Caccia al Ladro,DiritoGamer5,11,7,70,1,2,,,"2025-01-10 14:39:16"
442,Carbonchioazzuro,_Frada9019_,11,18,170,1,2,,,"2025-01-10 14:39:16"
443,Caso del piano,Sebby5678,11,20,170,1,2,,,"2025-01-10 14:39:16"
444,CHI NON GRIDA 1,getonplay,11,6,70,1,2,,,"2025-01-10 14:39:16"
445,CHI NON GRIDA 2,getonplay,11,6,70,1,2,,,"2025-01-10 14:39:16"
446,Cioccolatini,sipork,11,16,170,1,2,,,"2025-01-10 14:39:16"
447,Cuore Di Pietra,Dakerino,11,50,470,1,2,,,"2025-01-10 14:39:16"
448,DELTA,Silky_JRS,11,14,170,1,2,,,"2025-01-10 14:39:16"
449,esattore di,Mexicanos34,11,24,270,1,2,,,"2025-01-10 14:39:16"
450,I Cioccolatini 2,sipork,11,27,270,1,2,,,"2025-01-10 14:39:16"
451,I Cioccolatini 3,sipork,11,16,170,1,2,,,"2025-01-10 14:39:16"
452,I Killers Cap. 1,alessandro00119,11,22,270,1,2,,,"2025-01-10 14:39:16"
453,I Killers Cap. 2,alessandro00119,11,20,170,1,2,,,"2025-01-10 14:39:16"
454,I5SemiD'Arancio,_Frada9019_,11,15,170,1,2,,,"2025-01-10 14:39:16"
455,IBoy,NicoPiggei,11,11,170,1,2,,,"2025-01-10 14:39:16"
456,Il Candidato,Lokega,11,36,370,1,2,,,"2025-01-10 14:39:16"
457,Il caso del piano,Seby5678,11,20,170,1,2,,,"2025-01-10 14:39:16"
458,il caso di dante,its_raiju_59,11,8,70,1,2,,,"2025-01-10 14:39:16"
459,il caso strano,zgiuseppebon,11,13,170,1,2,,,"2025-01-10 14:39:16"
460,IL MISTERO,xAK74x,11,27,270,1,2,,,"2025-01-10 14:39:16"
461,Il Peccatore,Enderohh,11,10,70,1,2,,,"2025-01-10 14:39:16"
462,Il Segreto Della Villa,ytGameTime84,11,11,170,1,2,,,"2025-01-10 14:39:16"
463,IL TRENO,TrUsT_Manola31,11,17,170,1,2,,,"2025-01-10 14:39:16"
464,IlNobileScapolo,_Frada9019_,11,12,170,1,2,,,"2025-01-10 14:39:16"
465,L'Assasina,Chorwn,11,17,170,1,2,,,"2025-01-10 14:39:16"
466,L'enigma,Nico_Killed_YT,11,18,170,1,2,,,"2025-01-10 14:39:16"
467,L'enigma dell'ultimo Quadro (l'ultimo quadro),rikilmostro,11,14,170,1,2,,,"2025-01-10 14:39:16"
468,L'Intrigo,Nico_Killed_YT,11,21,270,1,2,,,"2025-01-10 14:39:16"
469,L'Ora End,ErCinti,11,15,170,1,2,,,"2025-01-10 14:39:16"
470,L'Orologio Scomparso,pavel76,11,16,170,1,2,,,"2025-01-10 14:39:16"
471,L'Ultimo Caso,Gio07_,11,17,170,1,2,,,"2025-01-10 14:39:16"
472,La Dansa,aggiustolaio,11,11,170,1,2,,,"2025-01-10 14:39:16"
473,LA MALATTIA,zGlowy_,11,17,170,1,2,,,"2025-01-10 14:39:16"
474,La Stanza Rossa,Fraaa__,11,24,270,1,2,,,"2025-01-10 14:39:16"
475,LaBandaMaculata,_Frada9019_,11,12,170,1,2,,,"2025-01-10 14:39:16"
476,Labbro Spaccato,_Frada9019_,11,13,170,1,2,,,"2025-01-10 14:39:16"
477,Lacrime Virili,Dakerino,11,40,370,1,2,,,"2025-01-10 14:39:16"
478,Le ombre passate,Siam2317,11,28,370,1,2,,,"2025-01-10 14:39:16"
479,LegaCapelliRossi,_Frada9019_,11,12,170,1,2,,,"2025-01-10 14:39:16"
480,MisteroBoscombe,_Frada9019_,11,27,270,1,2,,,"2025-01-10 14:39:16"
481,MORTE SUL LAGO,RICCI_PICCI,11,8,70,1,2,,,"2025-01-10 14:39:16"
482,Omicidio Festivo,_JustFede_,11,20,170,1,2,,,"2025-01-10 14:39:16"
483,PolliceIngegnere,_Frada9019_,11,12,170,1,2,,,"2025-01-10 14:39:16"
484,Ronald,ItsRockyGNF,11,37,370,1,2,,,"2025-01-10 14:39:16"
485,ScandaloInBoemia,_Frada9019_,11,23,270,1,2,,,"2025-01-10 14:39:16"
486,TrenoMisterioso,_NotLuke,11,7,70,1,2,,,"2025-01-10 14:39:16"
487,Un Agente a sorpresa,Nicopat_RS,11,45,470,1,2,,,"2025-01-10 14:39:16"
488,Un misterioso segreto,Anna_13,11,15,170,1,2,,,"2025-01-10 14:39:16"
489,Un mistero,ImRyzeh,11,17,170,1,2,,,"2025-01-10 14:39:16"
490,Un ragazzo solitario,tior,11,21,270,1,2,,,"2025-01-10 14:39:16"
491,una coccinella,anonima_gamer,11,6,70,1,2,,,"2025-01-10 14:39:16"
492,UnaStoriaSemplic,obiwankenobi8,11,18,170,1,2,,,"2025-01-10 14:39:16"
493,UnCasoDiIdentitÃ ,_Frada9019_,11,10,70,1,2,,,"2025-01-10 14:39:16"
494,Verità Oscura,Veertex,11,14,170,1,2,,,"2025-01-10 14:39:16"
495,Villa Rossa,Siam2317,11,32,370,1,2,,,"2025-01-10 14:39:16"
496,"10 Storie Vere",XxAsiaGamerxX,12,34,370,1,2,,,"2025-01-10 14:39:16"
497,"6 STORIE HORROR",CesarectorXD,12,46,470,1,2,,,"2025-01-10 14:39:16"
498,A CASA DA SOLA,Lokega,12,16,170,1,2,,,"2025-01-10 14:39:16"
499,Abandoned House1,gabry980,12,13,170,1,2,,,"2025-01-10 14:39:16"
500,ANIME DANNATE,xAK74x,12,23,270,1,2,,,"2025-01-10 14:39:16"
501,Annabelle 1,Querti_lord,12,22,270,1,2,,,"2025-01-10 14:39:16"
502,attacco al treno,danilo096,12,11,170,1,2,,,"2025-01-10 14:39:16"
503,Blood Nightmare,DeathVenom,12,43,470,1,2,,,"2025-01-10 14:39:16"
504,Canto Delle Ombre,Capt_17,12,33,370,1,2,,,"2025-01-10 14:39:16"
505,Casa da sola,catekekko17,12,5,70,1,2,,,"2025-01-10 14:39:16"
506,Casa di Riposo,XxAsiaGamerxX,12,24,270,1,2,,,"2025-01-10 14:39:16"
507,Casa Infestata,Tommyzz0068,12,7,70,1,2,,,"2025-01-10 14:39:16"
508,Chi è lui?,Emanuele090,12,13,170,1,2,,,"2025-01-10 14:39:16"
509,Coraline,Filo0606,12,15,170,1,2,,,"2025-01-10 14:39:16"
510,Corsa Socialista,Tommy2368,12,21,270,1,2,,,"2025-01-10 14:39:16"
511,Creepypasta,ItzRaiv3n_,12,16,170,1,2,,,"2025-01-10 14:39:16"
512,Demoni 1-J.town,Bricky_400,12,21,270,1,2,,,"2025-01-10 14:39:16"
513,Distacco,Lokega,12,9,70,1,2,,,"2025-01-10 14:39:16"
514,Doni Mortali,Cobra_red,12,16,170,1,2,,,"2025-01-10 14:39:16"
515,Dracula,TheLegendOfNight,12,33,370,1,2,,,"2025-01-10 14:39:16"
516,Emily,_ICutoffBell2902,12,11,170,1,2,,,"2025-01-10 14:39:16"
517,Fnaf Cap.1,VolpeArtica2000,12,15,170,1,2,,,"2025-01-10 14:39:16"
518,Giulia V.1,NWImAle,12,8,70,1,2,,,"2025-01-10 14:39:16"
519,Giulia V.2,NWImAle,12,5,70,1,2,,,"2025-01-10 14:39:16"
520,Herobrine,silentsniper,12,11,170,1,2,,,"2025-01-10 14:39:16"
521,Herobrine 1,Angrywolf_,12,6,70,1,2,,,"2025-01-10 14:39:16"
522,I.F.D.P.A,TheLegendOfNight,12,15,170,1,2,,,"2025-01-10 14:39:16"
523,I.M.D.N.A.P.,TheLegendOfNight,12,12,170,1,2,,,"2025-01-10 14:39:16"
524,Il bussatore,Spiggy005,12,4,70,1,2,,,"2025-01-10 14:39:16"
525,Il Calabrese,obiwankenobi8,12,18,170,1,2,,,"2025-01-10 14:39:16"
526,Il Cannibale,Dakerino,12,40,370,1,2,,,"2025-01-10 14:39:16"
527,Il castello,Rizend,12,22,270,1,2,,,"2025-01-10 14:39:16"
528,il cimitero,Lokega,12,50,470,1,2,,,"2025-01-10 14:39:16"
529,il cimitero (2),Lokega,12,50,470,1,2,,,"2025-01-10 14:39:16"
530,Il Coltello,G1uli0,12,16,170,1,2,,,"2025-01-10 14:39:16"
531,Il custode,Lokega,12,9,70,1,2,,,"2025-01-10 14:39:16"
532,il demone,EatToLunch_,12,8,70,1,2,,,"2025-01-10 14:39:16"
533,Il Fantasma,ZombinoCrudo,12,15,170,1,2,,,"2025-01-10 14:39:16"
534,Il gioco,Cri_08_,12,44,470,1,2,,,"2025-01-10 14:39:16"
535,Il giro di vite,XxDragonfire99xX,12,12,170,1,2,,,"2025-01-10 14:39:16"
536,Il Killer,Halone,12,21,270,1,2,,,"2025-01-10 14:39:16"
537,Il macabro gioco,Cryzotek,12,30,270,1,2,,,"2025-01-10 14:39:16"
538,Il maniero,GX_Gabry10,12,14,170,1,2,,,"2025-01-10 14:39:16"
539,Il Mistero di be,ILMAIALO,12,12,170,1,2,,,"2025-01-10 14:39:16"
540,IL MOSTRO,Al3X_312,12,9,70,1,2,,,"2025-01-10 14:39:16"
541,Il mostro,boh_alberto,12,20,170,1,2,,,"2025-01-10 14:39:16"
542,IL PADRINO,Peppex29,12,17,170,1,2,,,"2025-01-10 14:39:16"
543,Il Reality Show,vulpixshy82,12,13,170,1,2,,,"2025-01-10 14:39:16"
544,Il riflesso,pavel76,12,27,270,1,2,,,"2025-01-10 14:39:16"
545,IlLupoDellaPalud,TheLegendOfNight,12,7,70,1,2,,,"2025-01-10 14:39:16"
546,IlPupazzo,Dragonwars080,12,7,70,1,2,,,"2025-01-10 14:39:16"
547,IlPupazzoParlant,TheLegendOfNight,12,13,170,1,2,,,"2025-01-10 14:39:16"
548,jeff rey killer,sansy4000,12,4,70,1,2,,,"2025-01-10 14:39:16"
549,Jeff The Killer,SliDerRMaN__,12,3,70,1,2,,,"2025-01-10 14:39:16"
550,KillerInCantina,Lukas_07,12,6,70,1,2,,,"2025-01-10 14:39:16"
551,L'arma,Cryzotek,12,18,170,1,2,,,"2025-01-10 14:39:16"
552,L'ENIGMA,Zeecube,12,35,370,1,2,,,"2025-01-10 14:39:16"
553,L'ENIGMA 2,Zeecube,12,50,470,1,2,,,"2025-01-10 14:39:16"
554,L'ENIGMA 3,Zeecube,12,40,370,1,2,,,"2025-01-10 14:39:16"
555,L'ENIGMA 4,Zeecube,12,38,370,1,2,,,"2025-01-10 14:39:16"
556,L'ENIGMA 5,Zeecube,12,50,470,1,2,,,"2025-01-10 14:39:16"
557,L'ENIGMA 5 PT 2,Zeecube,12,6,70,1,2,,,"2025-01-10 14:39:16"
558,L'evocazione.,Gabracadabra_,12,9,70,1,2,,,"2025-01-10 14:39:16"
559,L'invasione...,TheLegendOfNight,12,6,70,1,2,,,"2025-01-10 14:39:16"
560,L'ombra,ByCrystal,12,6,70,1,2,,,"2025-01-10 14:39:16"
561,L'ultima mossa,pavel76,12,16,170,1,2,,,"2025-01-10 14:39:16"
562,L'ultima scelta,Lokega,12,9,70,1,2,,,"2025-01-10 14:39:16"
563,L'ultima volta,anonima_gamer,12,10,70,1,2,,,"2025-01-10 14:39:16"
564,La Bestia,catekekko17,12,5,70,1,2,,,"2025-01-10 14:39:16"
565,La campana,Lokega,12,9,70,1,2,,,"2025-01-10 14:39:16"
566,La Casa Dei Sussurri,ytGameTime84,12,12,170,1,2,,,"2025-01-10 14:39:16"
567,La casa del sussurro,_Lucifer66,12,23,270,1,2,,,"2025-01-10 14:39:16"
568,La Casa Infestata,scheletrovolante,12,10,70,1,2,,,"2025-01-10 14:39:16"
569,La Casa Maledetta,Brendan,12,25,270,1,2,,,"2025-01-10 14:39:16"
570,La casa senza vetri,scheletrovolante,12,14,170,1,2,,,"2025-01-10 14:39:16"
571,La cassa,Lokega,12,10,70,1,2,,,"2025-01-10 14:39:16"
572,La Cavia,FoxWorn3365,12,16,170,1,2,,,"2025-01-10 14:39:16"
573,La Discarica,XxDragonfire99xX,12,15,170,1,2,,,"2025-01-10 14:39:16"
574,La Lapide,Lokega,12,9,70,1,2,,,"2025-01-10 14:39:16"
575,La maledizione,MuninnRaven,12,38,370,1,2,,,"2025-01-10 14:39:16"
576,La Morte Nera,SnowTube09,12,12,170,1,2,,,"2025-01-10 14:39:16"
577,La nave,ItzMatte,12,8,70,1,2,,,"2025-01-10 14:39:16"
578,La perdita,AraichPenguin_,12,38,370,1,2,,,"2025-01-10 14:39:16"
579,La porta magica,Filo0606,12,13,170,1,2,,,"2025-01-10 14:39:16"
580,La ragazza,qSent,12,19,170,1,2,,,"2025-01-10 14:39:16"
581,La ragazza del Sottopasso,infinityblack_06,12,15,170,1,2,,,"2025-01-10 14:39:17"
582,LA SPOSA MUTA 1,Lokega,12,50,470,1,2,,,"2025-01-10 14:39:17"
583,LA SPOSA MUTA 2,Lokega,12,8,70,1,2,,,"2025-01-10 14:39:17"
584,La stanza,Lokega,12,9,70,1,2,,,"2025-01-10 14:39:17"
585,La Statua,Lokega,12,9,70,1,2,,,"2025-01-10 14:39:17"
586,LaCasaBruciata 1,Fruads,12,50,470,1,2,,,"2025-01-10 14:39:17"
587,LaCasaBruciata 2,Fruads,12,12,170,1,2,,,"2025-01-10 14:39:17"
588,LaCasaDellaMorte,TheLegendOfNight,12,17,170,1,2,,,"2025-01-10 14:39:17"
589,LaMacchinaStrega,TheLegendOfNight,12,14,170,1,2,,,"2025-01-10 14:39:17"
590,Le Backrooms,giappone2098,12,12,170,1,2,,,"2025-01-10 14:39:17"
591,Libro Maledetto,Pardy1221_,12,36,370,1,2,,,"2025-01-10 14:39:17"
592,Libro maledetto 2,Pardy1221_,12,35,370,1,2,,,"2025-01-10 14:39:17"
593,Life Note,AlexiaGirl19,12,23,270,1,2,,,"2025-01-10 14:39:17"
594,Luna d'inverno,Lokega,12,19,170,1,2,,,"2025-01-10 14:39:17"
595,MAI FIDARSI,RyZeeTheBest,12,25,270,1,2,,,"2025-01-10 14:39:17"
596,Mercoledì,RossFuriosa,12,8,70,1,2,,,"2025-01-10 14:39:17"
597,Metropolis Maledetta,TheSharkPowa,12,18,170,1,2,,,"2025-01-10 14:39:17"
598,MetroWeen pt1,zPyromane,12,13,170,1,2,,,"2025-01-10 14:39:17"
599,Morte del padre,Lokega,12,17,170,1,2,,,"2025-01-10 14:39:17"
600,Non sono pazzo,Drex0402,12,13,170,1,2,,,"2025-01-10 14:39:17"
601,Notte di Paura,DiabloVII,12,8,70,1,2,,,"2025-01-10 14:39:17"
602,Ombre nel bosco,AssoDiQuadri,12,28,270,1,2,,,"2025-01-10 14:39:17"
603,Omicidio College,xShadowHDz,12,7,70,1,2,,,"2025-01-10 14:39:17"
604,PARCO ABBNDONATO,antoculo,12,12,170,1,2,,,"2025-01-10 14:39:17"
605,pianto,lady_gamer372,12,30,270,1,2,,,"2025-01-10 14:39:17"
606,Piccoli Brividi,TheLegendOfNight,12,21,270,1,2,,,"2025-01-10 14:39:17"
607,Piccoli Incubi,GecospyITA02,12,33,370,1,2,,,"2025-01-10 14:39:17"
608,PolvereDiStelle,LastWarrior05,12,35,370,1,2,,,"2025-01-10 14:39:17"
609,Porte,Im_matteeee,12,8,70,1,2,,,"2025-01-10 14:39:17"
610,Psicopatia,NonSonoFili,12,23,270,1,2,,,"2025-01-10 14:39:17"
611,Quel Bosco,Gabry_413,12,17,170,1,2,,,"2025-01-10 14:39:17"
612,Quella notte...,Cry4n_,12,4,70,1,2,,,"2025-01-10 14:39:17"
613,Ragazza Perduta,xShadowHDz,12,6,70,1,2,,,"2025-01-10 14:39:17"
614,Rapito. PARTE 1,nicoloilsuper_,12,13,170,1,2,,,"2025-01-10 14:39:17"
615,Red S,Concretismo,12,21,270,1,2,,,"2025-01-10 14:39:17"
616,Reviviscenza,Lokega,12,9,70,1,2,,,"2025-01-10 14:39:17"
617,Rivelazione,Lokega,12,9,70,1,2,,,"2025-01-10 14:39:17"
618,Roulette Russa,Lokega,12,9,70,1,2,,,"2025-01-10 14:39:17"
619,S.D,isskia,12,31,370,1,2,,,"2025-01-10 14:39:17"
620,Saw L'enigmista,LegendaryParox_,12,30,270,1,2,,,"2025-01-10 14:39:17"
621,Sentiero Oscuro,ItsDani4u,12,14,170,1,2,,,"2025-01-10 14:39:17"
622,Senza faccia,Peppex29,12,28,270,1,2,,,"2025-01-10 14:39:17"
623,Solita catena,Cryzotek,12,20,170,1,2,,,"2025-01-10 14:39:17"
624,Specchio d'ombra,Lokega,12,9,70,1,2,,,"2025-01-10 14:39:17"
625,Splatter Show,Dakerino,12,45,470,1,2,,,"2025-01-10 14:39:17"
626,Storia di Entity,KG_ALPHA,12,14,170,1,2,,,"2025-01-10 14:39:17"
627,Stranger Things 1,Tabb0ndielanna,12,6,70,1,2,,,"2025-01-10 14:39:17"
628,Stranger Things 2,Tabb0ndielanna,12,7,70,1,2,,,"2025-01-10 14:39:17"
629,Stranger Things 3,Tabb0ndielanna,12,7,70,1,2,,,"2025-01-10 14:39:17"
630,Stranger Things 4,Tabb0ndielanna,12,5,70,1,2,,,"2025-01-10 14:39:17"
631,Stranger Things 5,Tabb0ndielanna,12,6,70,1,2,,,"2025-01-10 14:39:17"
632,Stranger Things 6,Tabb0ndielanna,12,7,70,1,2,,,"2025-01-10 14:39:17"
633,Stranger Things 7,Tabb0ndielanna,12,5,70,1,2,,,"2025-01-10 14:39:17"
634,Stranger Things 8,Tabb0ndielanna,12,7,70,1,2,,,"2025-01-10 14:39:17"
635,The Door,SonoMaltaTWC,12,7,70,1,2,,,"2025-01-10 14:39:17"
636,THE MISTERY,DANIEL_1624,12,27,270,1,2,,,"2025-01-10 14:39:17"
637,THE NUN,iamKenji,12,9,70,1,2,,,"2025-01-10 14:39:17"
638,The Skull Hunt,UnFire15,12,50,470,1,2,,,"2025-01-10 14:39:17"
639,TheWalkingDead,savgabri,12,11,170,1,2,,,"2025-01-10 14:39:17"
640,Toc! Toc!,Lokega,12,9,70,1,2,,,"2025-01-10 14:39:17"
641,TPN-Capitolo 1,Foxer_Flam89,12,8,70,1,2,,,"2025-01-10 14:39:17"
642,Twilight,TheLegendOfNight,12,21,270,1,2,,,"2025-01-10 14:39:17"
643,Un demone dentro,isskia,12,13,170,1,2,,,"2025-01-10 14:39:17"
644,Una Presenza...,xX_Ano_Xx,12,8,70,1,2,,,"2025-01-10 14:39:17"
645,Undertale,thenoob65,12,13,170,1,2,,,"2025-01-10 14:39:17"
646,UnDestinoFatale,Rondyne_23,12,23,270,1,2,,,"2025-01-10 14:39:17"
647,Uomo Solitario,Onda_Oscura,12,17,170,1,2,,,"2025-01-10 14:39:17"
648,Vampiri greci,froggysnake33,12,40,370,1,2,,,"2025-01-10 14:39:17"
649,vendetta di tom,its_raiju_59,12,6,70,1,2,,,"2025-01-10 14:39:17"
650,Villa Infestata,Cla3047,12,11,170,1,2,,,"2025-01-10 14:39:17"
651,Villa Maledetta,capt_17,12,34,370,1,2,,,"2025-01-10 14:39:17"
652,VillaDelleOmbre1,Qzru,12,14,170,1,2,,,"2025-01-10 14:39:17"
653,Voci Spaventose,"3l4Red",12,28,270,1,2,,,"2025-01-10 14:39:17"
654,white ender,Tecnogiuseppe,12,14,170,1,2,,,"2025-01-10 14:39:17"
655,WILL E IL CLOWN,APPALERMO,12,18,170,1,2,,,"2025-01-10 14:39:17"
656,"07/03/2049",APPALERMO,13,10,70,1,2,,,"2025-01-10 14:39:17"
657,"11 settembre",boborly,13,17,170,1,2,,,"2025-01-10 14:39:17"
658,Adolf Hitler e lo sterminio,Caldezzah_,13,4,70,1,2,,,"2025-01-10 14:39:17"
659,ALBERT EINSTEIN,andric46,13,16,170,1,2,,,"2025-01-10 14:39:17"
660,Alopecia,catekekko17,13,4,70,1,2,,,"2025-01-10 14:39:17"
661,Amore su insta,AntonioD99_,13,10,70,1,2,,,"2025-01-10 14:39:17"
662,Amore su insta2,AntonioD99_,13,14,170,1,2,,,"2025-01-10 14:39:17"
663,Apertura Azienda,Rwbelgame_YT,13,8,70,1,2,,,"2025-01-10 14:39:17"
664,Apocalisse,Tommy2368,13,7,70,1,2,,,"2025-01-10 14:39:17"
665,Azienda Privata,Alebello10,13,12,170,1,2,,,"2025-01-10 14:39:17"
666,Aziende Private,Tommy2368,13,18,170,1,2,,,"2025-01-10 14:39:17"
667,Beatitudine del Cristo,Kappa07,13,14,170,1,2,,,"2025-01-10 14:39:17"
668,C.D.M,isskia,13,12,170,1,2,,,"2025-01-10 14:39:17"
669,Cheserieguardo?,Alessio393,13,26,270,1,2,,,"2025-01-10 14:39:17"
670,CheSerieGuardoIN,Alessio393,13,7,70,1,2,,,"2025-01-10 14:39:17"
671,ciccio mcbacon,Soul_MC_YT,13,6,70,1,2,,,"2025-01-10 14:39:17"
672,codice morse,Soloesecutore,13,2,70,1,2,,,"2025-01-10 14:39:17"
673,Comandi Metropolis,Toni_7887,13,10,70,1,2,,,"2025-01-10 14:39:17"
674,Comandi nei lavori,Toni_7887,13,10,70,1,2,,,"2025-01-10 14:39:17"
675,Comandilavoro,Toni_7887,13,8,70,1,2,,,"2025-01-10 14:39:17"
676,Come Denunciare,KillerWord,13,5,70,1,2,,,"2025-01-10 14:39:17"
677,Come Fare Brutto,DiabloVII,13,21,270,1,2,,,"2025-01-10 14:39:17"
678,Come fare Soldi,EaddammoTVIT2,13,8,70,1,2,,,"2025-01-10 14:39:17"
679,COME MIGLIORARE,calmus17,13,33,370,1,2,,,"2025-01-10 14:39:17"
680,Come Rimorchiare,DiabloVII,13,20,170,1,2,,,"2025-01-10 14:39:17"
681,Come si ama,Tommy2368,13,10,70,1,2,,,"2025-01-10 14:39:17"
682,Come trovare lavoro formativo,Toni_7887,13,16,170,1,2,,,"2025-01-10 14:39:17"
683,Conte Montecrist,regalie97887,13,3,70,1,2,,,"2025-01-10 14:39:17"
684,CV.V.2,THEPORAK,13,6,70,1,2,,,"2025-01-10 14:39:17"
685,CV.V1,THEPORAK,13,5,70,1,2,,,"2025-01-10 14:39:17"
686,D. Bel Colpo,Edo4ts,13,15,170,1,2,,,"2025-01-10 14:39:17"
687,dalla povertà,giugamer324,13,32,370,1,2,,,"2025-01-10 14:39:17"
688,Daniela R.,cocopops_,13,16,170,1,2,,,"2025-01-10 14:39:17"
689,Diventare Ricco,Dakerino,13,35,370,1,2,,,"2025-01-10 14:39:17"
690,ELENCO COLORI,obiwankenobi8,13,4,70,1,2,,,"2025-01-10 14:39:17"
691,Essere Direttore,Dakerino,13,35,370,1,2,,,"2025-01-10 14:39:17"
692,Evitare Scam,FallHaddock,13,20,170,1,2,,,"2025-01-10 14:39:17"
693,Fare soldi 2023,RyZeeTheBest,13,7,70,1,2,,,"2025-01-10 14:39:17"
694,FOZZA NABOLI,AndreaBocelli,13,5,70,1,2,,,"2025-01-10 14:39:17"
695,Gatto vincentino,Cryzotek,13,23,270,1,2,,,"2025-01-10 14:39:17"
696,giovanni falcone,zSadGod,13,20,170,1,2,,,"2025-01-10 14:39:17"
697,Guida,P1cc0l03_On,13,20,170,1,2,,,"2025-01-10 14:39:17"
698,Guida al CV,robola_152,13,11,170,1,2,,,"2025-01-10 14:39:17"
699,Guida Al Lavoro,robola_152,13,12,170,1,2,,,"2025-01-10 14:39:17"
700,Guida Alla Città,_mastercreeper__,13,11,170,1,2,,,"2025-01-10 14:39:17"
701,Guida Colloquio1,christianstrollo,13,9,70,1,2,,,"2025-01-10 14:39:17"
702,Guida concorsi,omrizer,13,8,70,1,2,,,"2025-01-10 14:39:17"
703,Guida CV (new),Alexa177Youtube,13,14,170,1,2,,,"2025-01-10 14:39:17"
704,Guida CV 1,obiwankenobi8,13,31,370,1,2,,,"2025-01-10 14:39:17"
705,Guida CV P1,P1cc0l03_On,13,27,270,1,2,,,"2025-01-10 14:39:17"
706,GUIDA CV2,obiwankenobi8,13,29,270,1,2,,,"2025-01-10 14:39:17"
707,Guida Fortnite,Soul_MC_YT,13,4,70,1,2,,,"2025-01-10 14:39:17"
708,Guida Lavori v.1,iAllyy,13,9,70,1,2,,,"2025-01-10 14:39:17"
709,Guida Lavori v.2,iAllyy,13,13,170,1,2,,,"2025-01-10 14:39:17"
710,Guida Lavori v.3,iAllyy,13,23,270,1,2,,,"2025-01-10 14:39:17"
711,Guida per colori,"0hKqlash_",13,8,70,1,2,,,"2025-01-10 14:39:17"
712,GUIDA PER CV,ORSETTINA,13,29,270,1,2,,,"2025-01-10 14:39:17"
713,Guida per CV1,christianstrollo,13,9,70,1,2,,,"2025-01-10 14:39:17"
714,Guida per CV2,christianstrollo,13,8,70,1,2,,,"2025-01-10 14:39:17"
715,Guida Per Metro,PurpleYTT,13,11,170,1,2,,,"2025-01-10 14:39:17"
716,Guida per nuovi,davidelucario,13,10,70,1,2,,,"2025-01-10 14:39:17"
717,Guida per scrivere CV,Austenide,13,30,270,1,2,,,"2025-01-10 14:39:17"
718,Guida Tesina,AbashedLace6904,13,5,70,1,2,,,"2025-01-10 14:39:17"
719,GuidaAlDiploma,obiwankenobi8,13,29,270,1,2,,,"2025-01-10 14:39:17"
720,GuidaColloquio1,obiwankenobi8,13,25,270,1,2,,,"2025-01-10 14:39:17"
721,GuidaModuloINPS,obiwankenobi8,13,23,270,1,2,,,"2025-01-10 14:39:17"
722,GuidaPerMetro,P1cc0l03_On,13,15,170,1,2,,,"2025-01-10 14:39:17"
723,GuidaTrovareCasa,obiwankenobi8,13,20,170,1,2,,,"2025-01-10 14:39:17"
724,HelpDrive,_D_A_R_K_,13,2,70,1,2,,,"2025-01-10 14:39:17"
725,HelpDrive 2,_D_A_R_K_,13,2,70,1,2,,,"2025-01-10 14:39:17"
726,I Diritti Civili,Tommy 2368,13,19,170,1,2,,,"2025-01-10 14:39:17"
727,I Malavoglia,regalie97887,13,7,70,1,2,,,"2025-01-10 14:39:17"
728,I pinguini,Pinguu08,13,12,170,1,2,,,"2025-01-10 14:39:17"
729,I Randomini,Dakerino,13,15,170,1,2,,,"2025-01-10 14:39:17"
730,Il Bullismo,Ilpastore25,13,19,170,1,2,,,"2025-01-10 14:39:17"
731,Il cuore,Gabrythemasting4,13,8,70,1,2,,,"2025-01-10 14:39:17"
732,Il fascismo1,christianstrollo,13,7,70,1,2,,,"2025-01-10 14:39:17"
733,Il Guscio,Stregoneil,13,27,270,1,2,,,"2025-01-10 14:39:17"
734,Il MigliorCliente,Dakerino,13,10,70,1,2,,,"2025-01-10 14:39:17"
735,Il nuoto,Techslinger,13,11,170,1,2,,,"2025-01-10 14:39:17"
736,Il sonno....,_starrrr_,13,18,170,1,2,,,"2025-01-10 14:39:17"
737,Il successo,Atzo04,13,10,70,1,2,,,"2025-01-10 14:39:17"
738,Il telefono,Lucaluclucaluc,13,7,70,1,2,,,"2025-01-10 14:39:17"
739,il tricheco,Orsosmussatore,13,25,270,1,2,,,"2025-01-10 14:39:17"
740,IMPRENDITORIA,realdream,13,6,70,1,2,,,"2025-01-10 14:39:17"
741,Invidia Sociale,THEBIGANDREA05,13,7,70,1,2,,,"2025-01-10 14:39:17"
742,Ius Solis,regalie97887,13,3,70,1,2,,,"2025-01-10 14:39:17"
743,L'Adolescenza,THEBIGANDREA05,13,8,70,1,2,,,"2025-01-10 14:39:17"
744,L'atmosfera,MrSass0,13,4,70,1,2,,,"2025-01-10 14:39:17"
745,L'Evoluzione,iXenia,13,6,70,1,2,,,"2025-01-10 14:39:17"
746,L'Imprenditore,Dakerino,13,25,270,1,2,,,"2025-01-10 14:39:17"
747,L'Informatica,Anonymus_,13,9,70,1,2,,,"2025-01-10 14:39:17"
748,L'ingiustizia,AlesproMc,13,7,70,1,2,,,"2025-01-10 14:39:17"
749,L'uomo oggi,Tommy2368,13,50,470,1,2,,,"2025-01-10 14:39:17"
750,la conoscenza,brydone,13,23,270,1,2,,,"2025-01-10 14:39:17"
751,La fame,THEBIGANDREA05,13,11,170,1,2,,,"2025-01-10 14:39:17"
752,La filosofia,PurpleYTT,13,15,170,1,2,,,"2025-01-10 14:39:17"
753,La fuga di... q.,Tommy2368,13,22,270,1,2,,,"2025-01-10 14:39:17"
754,La Lettura,Kyroh,13,16,170,1,2,,,"2025-01-10 14:39:17"
755,La mente umana..,xHayley_,13,11,170,1,2,,,"2025-01-10 14:39:17"
756,La Pandemia,GI_riky2909,13,5,70,1,2,,,"2025-01-10 14:39:17"
757,La Paura,BlackFurys,13,21,270,1,2,,,"2025-01-10 14:39:17"
758,La Prigionia,RockMan2000,13,44,470,1,2,,,"2025-01-10 14:39:17"
759,La Redstone 1,ComputerKiller,13,22,270,1,2,,,"2025-01-10 14:39:17"
760,La speranza,BROSSQUAD05,13,25,270,1,2,,,"2025-01-10 14:39:17"
761,La Televisione,Dakerino,13,30,270,1,2,,,"2025-01-10 14:39:17"
762,Le Dipendenze,scheletrovolante,13,16,170,1,2,,,"2025-01-10 14:39:17"
763,le leggi di kep,innix,13,7,70,1,2,,,"2025-01-10 14:39:17"
764,LibroDeiSogni: A,Antonio007l,13,24,270,1,2,,,"2025-01-10 14:39:17"
765,LibroDeiSogni: B,Antonio007l,13,15,170,1,2,,,"2025-01-10 14:39:17"
766,LibroDeiSogni: C,Antonio007l,13,23,270,1,2,,,"2025-01-10 14:39:17"
767,Ludoo,iDrxz,13,10,70,1,2,,,"2025-01-10 14:39:17"
768,Lyon Ruba,GiusSim,13,9,70,1,2,,,"2025-01-10 14:39:17"
769,MANUALE RAPINE,"0id",13,10,70,1,2,,,"2025-01-10 14:39:17"
770,Maradona,Ohtraven1,13,5,70,1,2,,,"2025-01-10 14:39:17"
771,Marciopolis,Desmond63_,13,26,270,1,2,,,"2025-01-10 14:39:18"
772,Matrix Bufala,Tommy2368,13,15,170,1,2,,,"2025-01-10 14:39:18"
773,MetroIngiustizie,TOMATOE,13,32,370,1,2,,,"2025-01-10 14:39:18"
774,"Noi, Loro, Gli altri",Dakerino,13,38,370,1,2,,,"2025-01-10 14:39:18"
775,Non avere multe,Dakerino,13,25,270,1,2,,,"2025-01-10 14:39:18"
776,Pex Secondarie,_JustFede_,13,15,170,1,2,,,"2025-01-10 14:39:18"
777,POESIE,ErGiallone,13,11,170,1,2,,,"2025-01-10 14:39:18"
778,preghiere,RedFrizz,13,7,70,1,2,,,"2025-01-10 14:39:18"
779,Rage Quit,Lucaluclucaluc,13,8,70,1,2,,,"2025-01-10 14:39:18"
780,RedParty,REDEFFE,13,4,70,1,2,,,"2025-01-10 14:39:18"
781,Repubblica,Peppex29,13,12,170,1,2,,,"2025-01-10 14:39:18"
782,RICAVARE SOLDI,The_Red_Killer,13,15,170,1,2,,,"2025-01-10 14:39:18"
783,Ricette v.1,XxDEATH_TIGERxX,13,35,370,1,2,,,"2025-01-10 14:39:18"
784,San Valentino,Dakerino,13,25,270,1,2,,,"2025-01-10 14:39:18"
785,Scammerino,Guranghed,13,50,470,1,2,,,"2025-01-10 14:39:18"
786,SedurreUnaDonna,SmeltzWard_,13,22,270,1,2,,,"2025-01-10 14:39:18"
787,Sogni Fragili,runaaway_,13,17,170,1,2,,,"2025-01-10 14:39:18"
788,SuS-VideoGame-30,UnFire15,13,30,270,1,2,,,"2025-01-10 14:39:18"
789,Tutta Metropolis,Zorzone,13,26,270,1,2,,,"2025-01-10 14:39:18"
790,Usa il tempo,Palazzo22,13,8,70,1,2,,,"2025-01-10 14:39:18"
791,Vampiri,zNiiko,13,16,170,1,2,,,"2025-01-10 14:39:18"
792,Venere,iTz_Decker,13,7,70,1,2,,,"2025-01-10 14:39:18"
793,VIAGGIARE,Thegreatwall2807,13,23,270,1,2,,,"2025-01-10 14:39:18"
794,WORLD WAR C,getonplay,13,13,170,1,2,,,"2025-01-10 14:39:18"
795,Youtubo anche io,ItsAdaZz_,13,12,170,1,2,,,"2025-01-10 14:39:18"
796,Cuore,ImRyzeh,14,44,470,1,2,,,"2025-01-10 14:39:18"
797,I Promessi Sposi,scheletrovolante,14,22,270,1,2,,,"2025-01-10 14:39:18"
798,Inferno canti I-X,rikilmostro,14,26,270,1,2,,,"2025-01-10 14:39:18"
799,Inferno canti XI-XXI,rikilmostro,14,26,270,1,2,,,"2025-01-10 14:39:18"
800,Inferno XXII-XXXIII,rikilmostro,14,26,270,1,2,,,"2025-01-10 14:39:18"
801,Abdullino Cap.1,Uzum4kiNarut0,15,2,70,1,2,,,"2025-01-10 14:39:18"
802,Aetheria,Nico_killed_YT,15,24,270,1,2,,,"2025-01-10 14:39:18"
803,AOT Cap.1,GatoBat,15,22,270,1,2,,,"2025-01-10 14:39:18"
804,Craft Note,Alexa177Youtube,15,17,170,1,2,,,"2025-01-10 14:39:18"
805,Craft Note 2,Alexa177Youtube,15,27,270,1,2,,,"2025-01-10 14:39:18"
806,Death Note pt. 1,TheLegendOfNight,15,50,470,1,2,,,"2025-01-10 14:39:18"
807,Death Note pt.2,TheLegendOfNight,15,19,170,1,2,,,"2025-01-10 14:39:18"
808,DemonSlayer,TISHOR132,15,8,70,1,2,,,"2025-01-10 14:39:18"
809,DragonBall v1,darisces,15,9,70,1,2,,,"2025-01-10 14:39:18"
810,Eruri,Cryzotek,15,33,370,1,2,,,"2025-01-10 14:39:18"
811,Il Risvegio dell'Eclissi,Nico_killed_YT,15,18,170,1,2,,,"2025-01-10 14:39:18"
812,Il Sigillo del Drago Bianco,Nico_killed_YT,15,15,170,1,2,,,"2025-01-10 14:39:18"
813,KOHEI COLTONE,Coltonxboba,15,12,170,1,2,,,"2025-01-10 14:39:18"
814,L'eredità dell'ombra,Nico_killed_YT,15,24,270,1,2,,,"2025-01-10 14:39:18"
815,MHA Vol.1,ArNo_82,15,19,170,1,2,,,"2025-01-10 14:39:18"
816,Nada - Capitolo 1,Tokiko_Sexta,15,89,470,1,2,,,"2025-01-10 14:39:18"
817,Nada - Capitolo 1 pt.2,Tokiko_Sexta,15,62,470,1,2,,,"2025-01-10 14:39:18"
818,Nada - Capitolo 3 pt.2,Tokiko_Sexta,15,35,370,1,2,,,"2025-01-10 14:39:18"
819,Nada - Capitolo 3 pt.3,Tokiko_Sexta,15,39,370,1,2,,,"2025-01-10 14:39:18"
820,Nada - Capitolo 4 pt. 1,Tokiko_Sexta,15,27,270,1,2,,,"2025-01-10 14:39:18"
821,Nada - Capitolo 4 pt.2,Tokiko_Sexta,15,40,470,1,2,,,"2025-01-10 14:39:18"
822,Nada - Capitolo 5 pt.1,Tokiko_Sexta,15,20,170,1,2,,,"2025-01-10 14:39:18"
823,Nada - Capitolo 5 pt.2,Tokiko_Sexta,15,36,370,1,2,,,"2025-01-10 14:39:18"
824,Nada- Capitolo 3 pt.4,Tokiko_Sexta,15,48,470,1,2,,,"2025-01-10 14:39:18"
825,Nada: Where the Journey begins,Tokiko_Sexta,15,20,170,1,2,,,"2025-01-10 14:39:18"
826,Nada: Where the journey begins,Tokiko_Sexta,15,46,470,1,2,,,"2025-01-10 14:39:18"
827,Nada: Where the journey begins - Capitolo 1.5,Tokiko_Sexta,15,32,370,1,2,,,"2025-01-10 14:39:18"
828,Nada: Where the journey begins - Capitolo 2 Pt. 1,Tokiko_Sexta,15,38,370,1,2,,,"2025-01-10 14:39:18"
829,Nada: Where the journey begins - Capitolo 2 Pt. 2,Tokiko_Sexta,15,37,370,1,2,,,"2025-01-10 14:39:18"
830,Nada: Where the journey begins - Capitolo 3 Pt. 1,Tokiko_Sexta,15,27,270,1,2,,,"2025-01-10 14:39:18"
831,Nagatoro V.1,UnFire15,15,30,270,1,2,,,"2025-01-10 14:39:18"
832,Naruto 1 parte.,ThisEmX,15,5,70,1,2,,,"2025-01-10 14:39:18"
833,Naruto Uzumaki,KKsensei,15,9,70,1,2,,,"2025-01-10 14:39:18"
834,Naruto- Cap.1,SyuP3r,15,7,70,1,2,,,"2025-01-10 14:39:18"
835,Nerve 1,Cryzotek,15,50,470,1,2,,,"2025-01-10 14:39:18"
836,Nerve 2,Cryzotek,15,32,370,1,2,,,"2025-01-10 14:39:18"
837,One Piece V.1/10,ItsAdaZz_,15,48,470,1,2,,,"2025-01-10 14:39:18"
838,One Piece V.11/18,ItsAdaZz_,15,46,470,1,2,,,"2025-01-10 14:39:18"
839,One Piece V.19/28,ItsAdaZz_,15,47,470,1,2,,,"2025-01-10 14:39:18"
840,Phantom Blood,maniac_otaku,15,9,70,1,2,,,"2025-01-10 14:39:18"
841,Re:Sexta è gia morta,Tokiko_Sexta,15,28,270,1,2,,,"2025-01-10 14:39:18"
842,Resurrexxit PT.2,VegetaDemon,15,16,170,1,2,,,"2025-01-10 14:39:18"
843,Rexurrexit pt 1,VegetaDemon,15,8,70,1,2,,,"2025-01-10 14:39:18"
844,Sexta è già morta,Tokiko_Sexta,15,33,370,1,2,,,"2025-01-10 14:39:18"
845,SilvioBA,Goldenfox_xx,15,15,170,1,2,,,"2025-01-10 14:39:18"
846,Sognando con Morte,Tokiko_Sexta,15,15,170,1,2,,,"2025-01-10 14:39:18"
847,Spada,Nico_killed_YT,15,19,170,1,2,,,"2025-01-10 14:39:18"
848,SteelBallRun v1,KoBra_CTB511,15,29,270,1,2,,,"2025-01-10 14:39:18"
849,TOKYO GHOUL 1,thewowisbang,15,20,170,1,2,,,"2025-01-10 14:39:18"
850,Tokyo Revenger,ILMerluzzino,15,7,70,1,2,,,"2025-01-10 14:39:18"
851,TPN,ImDarko_,15,50,470,1,2,,,"2025-01-10 14:39:18"
852,TPN 2,ImDarko_,15,7,70,1,2,,,"2025-01-10 14:39:18"
853,Velo,Nico_killed_YT,15,25,270,1,2,,,"2025-01-10 14:39:18"
854,"1917",Cryzotek,16,5,70,1,2,,,"2025-01-10 14:39:18"
855,a me pare uguale a dèi,Austenide,16,3,70,1,2,,,"2025-01-10 14:39:18"
856,A Zacinto,Toni_7887,16,10,70,1,2,,,"2025-01-10 14:39:18"
857,Al lettore,Austenide,16,3,70,1,2,,,"2025-01-10 14:39:18"
858,Ali di Speranza,FR057AMONG,16,2,70,1,2,,,"2025-01-10 14:39:18"
859,Alto Successo,Marietto40,16,5,70,1,2,,,"2025-01-10 14:39:18"
860,Amati,Slash71,16,32,370,1,2,,,"2025-01-10 14:39:18"
861,Amen,keep_,16,10,70,1,2,,,"2025-01-10 14:39:18"
862,Anche i Puri,Lollooo_,16,3,70,1,2,,,"2025-01-10 14:39:18"
863,Arte Eterna,Marietto40,16,10,70,1,2,,,"2025-01-10 14:39:18"
864,Assenza Silente,gabry980,16,7,70,1,2,,,"2025-01-10 14:39:18"
865,Attimi Fuggenti,Marietto40,16,7,70,1,2,,,"2025-01-10 14:39:18"
866,BACIAMI,TheDragClicker,16,2,70,1,2,,,"2025-01-10 14:39:18"
867,Cambiamenti,Marietto40,16,10,70,1,2,,,"2025-01-10 14:39:18"
868,Carme V,Lokega,16,4,70,1,2,,,"2025-01-10 14:39:18"
869,Caronte,NicoloBanana,16,14,170,1,2,,,"2025-01-10 14:39:18"
870,Cherofobia,Cryzotek,16,6,70,1,2,,,"2025-01-10 14:39:18"
871,Cielo illuminato,Ice_Dragone07,16,4,70,1,2,,,"2025-01-10 14:39:18"
872,Cielo Notturno,Bl4ck_H4t,16,1,70,1,2,,,"2025-01-10 14:39:18"
873,Cielo Notturno (Tokiko),Tokiko_Sexta,16,3,70,1,2,,,"2025-01-10 14:39:18"
874,Cornetta Rossa,Cryzotek,16,10,70,1,2,,,"2025-01-10 14:39:18"
875,Corruzione,Dakerino,16,20,170,1,2,,,"2025-01-10 14:39:18"
876,CottonCandy,Itsalberto,16,1,70,1,2,,,"2025-01-10 14:39:18"
877,Crepuscolo ferrarese,vulpixshy82,16,13,170,1,2,,,"2025-01-10 14:39:18"
878,Dante RMX,er_supreme,16,1,70,1,2,,,"2025-01-10 14:39:18"
879,De saxorum,Saklo,16,11,170,1,2,,,"2025-01-10 14:39:18"
880,Dichiarazione,Corsino1,16,2,70,1,2,,,"2025-01-10 14:39:18"
881,Divina Commedia,XxLuppo38xX,16,5,70,1,2,,,"2025-01-10 14:39:18"
882,DOC,Austenide,16,15,170,1,2,,,"2025-01-10 14:39:18"
883,Donna,TheDragClicker,16,2,70,1,2,,,"2025-01-10 14:39:18"
884,E così vorresti fare lo scrittore?,Austenide,16,8,70,1,2,,,"2025-01-10 14:39:18"
885,Ecco il Poeta,_Surgelato,16,5,70,1,2,,,"2025-01-10 14:39:18"
886,Eco di Guerra,Marietto40,16,6,70,1,2,,,"2025-01-10 14:39:18"
887,eco Selvaggio,Marietto40,16,9,70,1,2,,,"2025-01-10 14:39:18"
888,EggplantSum2659,Ohtraven1,16,3,70,1,2,,,"2025-01-10 14:39:18"
889,Enormità,Spokigraal,16,10,70,1,2,,,"2025-01-10 14:39:18"
890,Essere Come Me,Dakerino,16,25,270,1,2,,,"2025-01-10 14:39:18"
891,Faccetta Nera,PolloAffamato,16,5,70,1,2,,,"2025-01-10 14:39:18"
892,Fame,Cryzotek,16,14,170,1,2,,,"2025-01-10 14:39:18"
893,Felicità Leggera,iam_crash,16,2,70,1,2,,,"2025-01-10 14:39:18"
894,Filastro,zGlowy_,16,16,170,1,2,,,"2025-01-10 14:39:18"
895,Filosofando I,TheSadAlex,16,8,70,1,2,,,"2025-01-10 14:39:18"
896,Filosofia: Cos'è,imp0ssibile,16,10,70,1,2,,,"2025-01-10 14:39:18"
897,Gocce Di Rugiada,BROSSQUAD05,16,16,170,1,2,,,"2025-01-10 14:39:18"
898,haiku Luna,Nxt_JJ,16,2,70,1,2,,,"2025-01-10 14:39:18"
899,I girsoli,_nekogirlfriend,16,1,70,1,2,,,"2025-01-10 14:39:18"
900,I MIGLIORI AMICI,polly_19,16,12,170,1,2,,,"2025-01-10 14:39:18"
901,I soldati,lecce091,16,2,70,1,2,,,"2025-01-10 14:39:18"
902,Il 5 Maggio,Toni_7887,16,25,270,1,2,,,"2025-01-10 14:39:18"
903,il 5 Messaggio,Toni_7887,16,25,270,1,2,,,"2025-01-10 14:39:18"
904,Il giorno nuovo,Sneaxs__,16,3,70,1,2,,,"2025-01-10 14:39:18"
905,Il Mare,Lorenzo_Pucci,16,3,70,1,2,,,"2025-01-10 14:39:18"
906,Il mare nei tuoi occhi,Marietto40,16,6,70,1,2,,,"2025-01-10 14:39:18"
907,Il Pacciani,kriptos91_,16,1,70,1,2,,,"2025-01-10 14:39:18"
908,il peso del silenzio,MizukuTheFish,16,6,70,1,2,,,"2025-01-10 14:39:18"
909,Il primo giorno,Tokiko_Sexta,16,2,70,1,2,,,"2025-01-10 14:39:18"
910,Il secondo giorno,Tokiko_Sexta,16,2,70,1,2,,,"2025-01-10 14:39:18"
911,Il Segreto,Id19Novembre,16,2,70,1,2,,,"2025-01-10 14:39:18"
912,Il terzo giorno,Tokiko_Sexta,16,2,70,1,2,,,"2025-01-10 14:39:18"
913,Il Tuo Ricordo,Dakerino,16,20,170,1,2,,,"2025-01-10 14:39:18"
914,Il Viaggiatore,Verteex,16,9,70,1,2,,,"2025-01-10 14:39:18"
915,Incontri di Ombre e Luce,_Surgelato,16,11,170,1,2,,,"2025-01-10 14:39:18"
916,INPS,Verteex,16,8,70,1,2,,,"2025-01-10 14:39:18"
917,Ispirazione,Austenide,16,4,70,1,2,,,"2025-01-10 14:39:18"
918,L'abbraccio della Terra,Marietto40,16,5,70,1,2,,,"2025-01-10 14:39:18"
919,L'Alba,Bl4ck_H4t,16,1,70,1,2,,,"2025-01-10 14:39:18"
920,L'Anomalia,gianluh,16,19,170,1,2,,,"2025-01-10 14:39:18"
921,l'oscurità,Ice_Dragone07,16,4,70,1,2,,,"2025-01-10 14:39:18"
922,La cotta,_nekogirlfriend,16,4,70,1,2,,,"2025-01-10 14:39:18"
923,la discesa,Felpa_,16,2,70,1,2,,,"2025-01-10 14:39:18"
924,La fine del villaggio,Tokiko_Sexta,16,3,70,1,2,,,"2025-01-10 14:39:18"
925,La Livella,Toni_7887,16,32,370,1,2,,,"2025-01-10 14:39:18"
926,La Lontricina,Lollooo_,16,4,70,1,2,,,"2025-01-10 14:39:18"
927,La Maturità,Marietto40,16,11,170,1,2,,,"2025-01-10 14:39:18"
928,La nebbia,Toni_7887,16,8,70,1,2,,,"2025-01-10 14:39:18"
929,La Poesia,RichardYT,16,16,170,1,2,,,"2025-01-10 14:39:18"
930,La poverta',lecce091,16,2,70,1,2,,,"2025-01-10 14:39:18"
931,La prima notte,Tokiko_Sexta,16,2,70,1,2,,,"2025-01-10 14:39:18"
932,La seconda notte,Tokiko_Sexta,16,2,70,1,2,,,"2025-01-10 14:39:18"
933,La terza notte,Tokiko_Sexta,16,1,70,1,2,,,"2025-01-10 14:39:18"
934,Le Maschere,Wizard_XII,16,14,170,1,2,,,"2025-01-10 14:39:18"
935,le ombre sorgono,Ice_Dragone07,16,3,70,1,2,,,"2025-01-10 14:39:18"
936,LIBRO DELLE POES,Tiziocasuale,16,6,70,1,2,,,"2025-01-10 14:39:18"
937,Lode a F2,Marietto40,16,5,70,1,2,,,"2025-01-10 14:39:18"
938,Mare Blu,Maretto40,16,14,170,1,2,,,"2025-01-10 14:39:18"
939,Miele,Austenide,16,4,70,1,2,,,"2025-01-10 14:39:18"
940,Natale nuovo,Pardy1221_,16,4,70,1,2,,,"2025-01-10 14:39:18"
941,Non Ci Sei Piu',Dakerino,16,30,270,1,2,,,"2025-01-10 14:39:18"
942,Non ho smesso di pensarti,Austenide,16,5,70,1,2,,,"2025-01-10 14:39:18"
943,Notte Stellata,Tokiko_Sexta,16,3,70,1,2,,,"2025-01-10 14:39:18"
944,Notti D'Inverno,OrsoSmarrito,16,4,70,1,2,,,"2025-01-10 14:39:18"
945,Notti solitarie,Marietto40,16,8,70,1,2,,,"2025-01-10 14:39:18"
946,O falce di luna calante,vulpixshy82,16,4,70,1,2,,,"2025-01-10 14:39:18"
947,Odio,_nekogirlfriend,16,3,70,1,2,,,"2025-01-10 14:39:18"
948,Ombre Amiche,Marietto40,16,6,70,1,2,,,"2025-01-10 14:39:18"
949,Ombre del domani,Marietto40,16,7,70,1,2,,,"2025-01-10 14:39:18"
950,Piccola ragazza dagli occhi grandi,Austenide,16,11,170,1,2,,,"2025-01-10 14:39:18"
951,Poesia,Neurorder,16,4,70,1,2,,,"2025-01-10 14:39:18"
952,POESIA D'AMORE,Frmaliaok_,16,5,70,1,2,,,"2025-01-10 14:39:18"
953,Poesie,Fulminix,16,11,170,1,2,,,"2025-01-10 14:39:18"
954,Primavera Danzante,Verteex,16,7,70,1,2,,,"2025-01-10 14:39:18"
955,Principi.esse,thegreatwall2807,16,18,170,1,2,,,"2025-01-10 14:39:18"
956,Purezza Notturna,__Rico18__,16,15,170,1,2,,,"2025-01-10 14:39:18"
957,Raggiungendo quel sogno,Tokiko_Sexta,16,3,70,1,2,,,"2025-01-10 14:39:19"
958,REDEFFE,Genny7,16,4,70,1,2,,,"2025-01-10 14:39:19"
959,Riflessi Notturn,FR057AMONG,16,2,70,1,2,,,"2025-01-10 14:39:19"
960,Rimembranze,Marietto40,16,8,70,1,2,,,"2025-01-10 14:39:19"
961,Scegli me,Austenide,16,3,70,1,2,,,"2025-01-10 14:39:19"
962,Se dovessi morir,redfuffy,16,1,70,1,2,,,"2025-01-10 14:39:19"
963,Sei diventata dura,Austenide,16,7,70,1,2,,,"2025-01-10 14:39:19"
964,Shadows rise,Ice_Dragon07,16,3,70,1,2,,,"2025-01-10 14:39:19"
965,Silvietto,kriptos91_,16,8,70,1,2,,,"2025-01-10 14:39:19"
966,Sinfonia Celeste,Veertex,16,6,70,1,2,,,"2025-01-10 14:39:19"
967,Sinfonia Creposcolo,gabry980,16,10,70,1,2,,,"2025-01-10 14:39:19"
968,Sinfonia di L. P,FR057AMONG,16,1,70,1,2,,,"2025-01-10 14:39:19"
969,Sinfonia Lunare,gabry980,16,5,70,1,2,,,"2025-01-10 14:39:19"
970,SinfoniaLunare,gabry980,16,5,70,1,2,,,"2025-01-10 14:39:19"
971,Sogni di carta,Marietto40,16,7,70,1,2,,,"2025-01-10 14:39:19"
972,Sogno Passato,Marietto40,16,6,70,1,2,,,"2025-01-10 14:39:19"
973,Sole-Luna,Cryzotek,16,15,170,1,2,,,"2025-01-10 14:39:19"
974,sorrisi sbiaditi,MizukuTheFish,16,5,70,1,2,,,"2025-01-10 14:39:19"
975,Sputum,Cryzotek,16,14,170,1,2,,,"2025-01-10 14:39:19"
976,Stella,Tokiko_Sexta,16,2,70,1,2,,,"2025-01-10 14:39:19"
977,Sussurri di Terra e Mare,_Surgelato,16,10,70,1,2,,,"2025-01-10 14:39:19"
978,Symbolum 77,mattiafel,16,6,70,1,2,,,"2025-01-10 14:39:19"
979,T'amo!,itzfrancis09,16,3,70,1,2,,,"2025-01-10 14:39:19"
980,Tempo Fuggente,Marietto40,16,9,70,1,2,,,"2025-01-10 14:39:19"
981,The Blending Man,Poison_8o8,16,4,70,1,2,,,"2025-01-10 14:39:19"
982,the darkesss,Tokiko_Sexta,16,3,70,1,2,,,"2025-01-10 14:39:19"
983,the darkness,Ice_Dragone07,16,4,70,1,2,,,"2025-01-10 14:39:19"
984,The Shadow Rise,Tokiko_Sexta,16,3,70,1,2,,,"2025-01-10 14:39:19"
985,the shadows army,Ice_Dragone07,16,3,70,1,2,,,"2025-01-10 14:39:19"
986,Trust_Manola31,Itsalberto,16,1,70,1,2,,,"2025-01-10 14:39:19"
987,Tugozzi,kriptos91_,16,1,70,1,2,,,"2025-01-10 14:39:19"
988,Un buco,Austenide,16,3,70,1,2,,,"2025-01-10 14:39:19"
989,Versi d'incanto,Verteex,16,9,70,1,2,,,"2025-01-10 14:39:19"
990,Versi dell'Anima,_Surgelato,16,5,70,1,2,,,"2025-01-10 14:39:19"
991,Viaggio Nebbie,gabry980,16,10,70,1,2,,,"2025-01-10 14:39:19"
992,Vita,TheDragClicker,16,1,70,1,2,,,"2025-01-10 14:39:19"
993,Vita in poesia,Marietto40,16,8,70,1,2,,,"2025-01-10 14:39:19"
994,yumee,Versi di luna e stelle,16,6,70,1,2,,,"2025-01-10 14:39:19"
995,Amor Er Scrittor,Tommy2368,17,18,170,1,2,,,"2025-01-10 14:39:19"
996,Amore,Cryzotek,17,13,170,1,2,,,"2025-01-10 14:39:19"
997,Amore Difficile,"3l4Red",17,36,370,1,2,,,"2025-01-10 14:39:19"
998,Amore senza fine,Slash71,17,26,270,1,2,,,"2025-01-10 14:39:19"
999,AmoreProibitoV.1,_ImAsh_,17,16,170,1,2,,,"2025-01-10 14:39:19"
1000,Anche i demoni...,SkylarBirdie,17,18,170,1,2,,,"2025-01-10 14:39:19"
1001,APS V1,fairfoil,17,14,170,1,2,,,"2025-01-10 14:39:19"
1002,bigliettod'amore,boh_alberto,17,22,270,1,2,,,"2025-01-10 14:39:19"
1003,Can e Sanem,AbashedLace6904,17,11,170,1,2,,,"2025-01-10 14:39:19"
1004,Colei che vorrei,er_supreme,17,2,70,1,2,,,"2025-01-10 14:39:19"
1005,Colori del destino,Austenide,17,23,270,1,2,,,"2025-01-10 14:39:19"
1006,Cuori Di Carta,VegetaDemon,17,13,170,1,2,,,"2025-01-10 14:39:19"
1007,dedica d'amore,Alekyt146,17,4,70,1,2,,,"2025-01-10 14:39:19"
1008,Due Lettere: A&S,"3l4Red",17,28,270,1,2,,,"2025-01-10 14:39:19"
1009,Emili&Stefan,yLast,17,14,170,1,2,,,"2025-01-10 14:39:19"
1010,girasole pt1,BalenciagaClient,17,5,70,1,2,,,"2025-01-10 14:39:19"
1011,girasole pt2,BalenciagaClient,17,5,70,1,2,,,"2025-01-10 14:39:19"
1012,girasole pt3,BalenciagaClient,17,5,70,1,2,,,"2025-01-10 14:39:19"
1013,I LOVE YOU,Kekkoo__,17,15,170,1,2,,,"2025-01-10 14:39:19"
1014,i love you (ita),fantasy40,17,14,170,1,2,,,"2025-01-10 14:39:19"
1015,IL BUIO I,thatsima,17,13,170,1,2,,,"2025-01-10 14:39:19"
1016,Illuminismo,Rey_simba,17,16,170,1,2,,,"2025-01-10 14:39:19"
1017,Incontri I,KilledByFire,17,8,70,1,2,,,"2025-01-10 14:39:19"
1018,infinite hearte,anonima_gamer,17,7,70,1,2,,,"2025-01-10 14:39:19"
1019,Innamorarsi,Lucy2681,17,50,470,1,2,,,"2025-01-10 14:39:19"
1020,kiss me,ladytheleeeemons,17,39,370,1,2,,,"2025-01-10 14:39:19"
1021,L'Amore Vince,Gioxyez,17,18,170,1,2,,,"2025-01-10 14:39:19"
1022,L'Attesa,xMutek,17,10,70,1,2,,,"2025-01-10 14:39:19"
1023,La rosa,filoliial,17,15,170,1,2,,,"2025-01-10 14:39:19"
1024,L'impiccato,Rey_simba,17,16,170,1,2,,,"2025-01-10 14:39:19"
1025,Occhi D'argento,Cryzotek,17,50,470,1,2,,,"2025-01-10 14:39:19"
1026,Occhi d'argento2,Cryzotek,17,50,470,1,2,,,"2025-01-10 14:39:19"
1027,Oltre la Linea,Pardy1221_,17,13,170,1,2,,,"2025-01-10 14:39:19"
1028,Ragazza Perfetta,YouAreSad,17,18,170,1,2,,,"2025-01-10 14:39:19"
1029,Romeo&Giulietta,TheLegendOfNight,17,43,470,1,2,,,"2025-01-10 14:39:19"
1030,Rose per te,Petra03_,17,33,370,1,2,,,"2025-01-10 14:39:19"
1031,Rose per te,Filix16,17,32,370,1,2,,,"2025-01-10 14:39:19"
1032,Semplice L'uomo,Tommy2368,17,13,170,1,2,,,"2025-01-10 14:39:19"
1033,Stazione,Cryzotek,17,17,170,1,2,,,"2025-01-10 14:39:19"
1034,Stelle D'amore,Nico_killed_YT,17,17,170,1,2,,,"2025-01-10 14:39:19"
1035,Tra le righe,Fraaa__,17,19,170,1,2,,,"2025-01-10 14:39:19"
1036,Trinacria,Rey_simba,17,26,270,1,2,,,"2025-01-10 14:39:19"
1037,"TU, IO, NOI",thegreatwall2807,17,19,170,1,2,,,"2025-01-10 14:39:19"
1038,Un ragazzo per caso,_Lucifer66,17,36,370,1,2,,,"2025-01-10 14:39:19"
1039,Un Ragazzo per caso 2,_Lucifer66,17,28,270,1,2,,,"2025-01-10 14:39:19"
1040,"1. Il risveglio",Nico_killed_YT,18,18,170,1,2,,,"2025-01-10 14:39:19"
1041,"2. Alla ricerca",Nico_killed_YT,18,18,170,1,2,,,"2025-01-10 14:39:19"
1042,"3. L'Ascesa",Nico_killed_YT,18,17,170,1,2,,,"2025-01-10 14:39:19"
1043,"4. Il regno",Nico_killed_YT,18,17,170,1,2,,,"2025-01-10 14:39:19"
1044,"5. Il risveglio",Nico_killed_YT,18,15,170,1,2,,,"2025-01-10 14:39:19"
1045,"6. Il confronto",Nico_killed_YT,18,17,170,1,2,,,"2025-01-10 14:39:19"
1046,"7. La resa",Nico_killed_YT,18,17,170,1,2,,,"2025-01-10 14:39:19"
1047,"8. L'eredità",Nico_killed_YT,18,14,170,1,2,,,"2025-01-10 14:39:19"
1048,Cronache Eldoria (Epilogo),Nico_killed_YT,18,12,170,1,2,,,"2025-01-10 14:39:19"
1049,Cronache Eldoria 1 (il risveglio),Nico_killed_YT,18,18,170,1,2,,,"2025-01-10 14:39:19"
1050,Cronache Eldoria 2 (alla ricerca),Nico_killed_YT,18,18,170,1,2,,,"2025-01-10 14:39:19"
1051,Cronache Eldoria 3 (l'ascesa),Nico_killed_YT,18,17,170,1,2,,,"2025-01-10 14:39:19"
1052,Cronache Eldoria 4 (il regno),Nico_killed_YT,18,17,170,1,2,,,"2025-01-10 14:39:19"
1053,Cronache Eldoria 5 (Il risveglio),Nico_killed_YT,18,15,170,1,2,,,"2025-01-10 14:39:19"
1054,Cronache Eldoria 6 (il confronto),Nico_killed_YT,18,17,170,1,2,,,"2025-01-10 14:39:19"
1055,Cronache Eldoria 7 (la resa),Nico_killed_YT,18,17,170,1,2,,,"2025-01-10 14:39:19"
1056,Cronache Eldoria 8 (l'eredità),Nico_killed_YT,18,14,170,1,2,,,"2025-01-10 14:39:19"
1057,Destini Intrecciati,gianluh,18,15,170,1,2,,,"2025-01-10 14:39:19"
1058,Destini Intrecciati 1,gianluh,18,12,170,1,2,,,"2025-01-10 14:39:19"
1059,Destini Intrecciati 10,gianluh,18,50,470,1,2,,,"2025-01-10 14:39:19"
1060,Destini Intrecciati 2,gianluh,18,10,70,1,2,,,"2025-01-10 14:39:19"
1061,Destini Intrecciati 3,gianluh,18,17,170,1,2,,,"2025-01-10 14:39:19"
1062,Destini Intrecciati 4,gianluh,18,13,170,1,2,,,"2025-01-10 14:39:19"
1063,Destini Intrecciati 5,gianluh,18,12,170,1,2,,,"2025-01-10 14:39:19"
1064,Destini Intrecciati 6,gianluh,18,13,170,1,2,,,"2025-01-10 14:39:19"
1065,Destini Intrecciati 7,gianluh,18,41,470,1,2,,,"2025-01-10 14:39:19"
1066,Destini Intrecciati 8,gianluh,18,50,470,1,2,,,"2025-01-10 14:39:19"
1067,Destini Intrecciati 9,gianluh,18,45,470,1,2,,,"2025-01-10 14:39:19"
1068,Epilogo,Nico_killed_YT,18,12,170,1,2,,,"2025-01-10 14:39:19"
1069,i destini,gianluh,18,12,170,1,2,,,"2025-01-10 14:39:19"
1070,NOCS 1,Kiidris,18,10,70,1,2,,,"2025-01-10 14:39:19"
1071,NOCS 2,Kiidris,18,8,70,1,2,,,"2025-01-10 14:39:19"
1072,NOCS 3,Kiidris,18,8,70,1,2,,,"2025-01-10 14:39:19"
1073,"14 Luglio",Filo0606,19,21,270,1,2,,,"2025-01-10 14:39:19"
1074,ALESS. MAGNO v.1,EugenTheGamer,19,46,470,1,2,,,"2025-01-10 14:39:19"
1075,Angelo,Cryzotek,19,22,270,1,2,,,"2025-01-10 14:39:19"
1076,Angoscia nera,Cryzotek,19,6,70,1,2,,,"2025-01-10 14:39:19"
1077,Cos'è il BeatBox,ShamelessViolet,19,50,470,1,2,,,"2025-01-10 14:39:19"
1078,ctpekosa,Cryzotek,19,20,170,1,2,,,"2025-01-10 14:39:19"
1079,Der gute Kamerad,Cryzotek,19,13,170,1,2,,,"2025-01-10 14:39:19"
1080,Dictatus Papae,AntonioSon2002,19,37,370,1,2,,,"2025-01-10 14:39:19"
1081,Dramma Social,Dakerino,19,35,370,1,2,,,"2025-01-10 14:39:19"
1082,Essere Umani,Cryzotek,19,48,470,1,2,,,"2025-01-10 14:39:19"
1083,Genesi 1/2,scheletrovolante,19,28,270,1,2,,,"2025-01-10 14:39:19"
1084,i musicanti,XxAsiaGamerxX,19,33,370,1,2,,,"2025-01-10 14:39:19"
1085,Il cavaliere inesistente,ItzMatte,19,12,170,1,2,,,"2025-01-10 14:39:19"
1086,il criminale,amiantovincente,19,11,170,1,2,,,"2025-01-10 14:39:19"
1087,il criminale 2,amiantovincente,19,13,170,1,2,,,"2025-01-10 14:39:19"
1088,il criminale 3,amiantovincente,19,20,170,1,2,,,"2025-01-10 14:39:19"
1089,il fascismo,Ginokiller07,19,3,70,1,2,,,"2025-01-10 14:39:19"
1090,Il fascismo1,Christianstrollo,19,11,170,1,2,,,"2025-01-10 14:39:19"
1091,il figlio,Nt_NightMare303,19,31,370,1,2,,,"2025-01-10 14:39:19"
1092,Il legame,NekoRobin,19,14,170,1,2,,,"2025-01-10 14:39:19"
1093,Il Miglior Cliente,dakerino,19,10,70,1,2,,,"2025-01-10 14:39:19"
1094,Il Padrino,LegendaryParox_,19,33,370,1,2,,,"2025-01-10 14:39:19"
1095,Il Precipizio,Dakerino,19,9,70,1,2,,,"2025-01-10 14:39:19"
1096,Il Re Artu',NohaxJustFlex,19,18,170,1,2,,,"2025-01-10 14:39:19"
1097,Il Segreto di Palazzo Alabastro,Austenide,19,18,170,1,2,,,"2025-01-10 14:39:19"
1098,Il Viandante,Dakerino,19,8,70,1,2,,,"2025-01-10 14:39:19"
1099,Intervista,Manocka43,19,8,70,1,2,,,"2025-01-10 14:39:19"
1100,L'anarchia 2,Dakerino,19,35,370,1,2,,,"2025-01-10 14:39:19"
1101,L'Attesa,Dakerino,19,10,70,1,2,,,"2025-01-10 14:39:19"
1102,L'avvento dei videogames,Brendan,19,22,270,1,2,,,"2025-01-10 14:39:19"
1103,L'Illuminismo,NotStrive_,19,26,270,1,2,,,"2025-01-10 14:39:19"
1104,L'Italia 1920...,Il_Grillo69,19,13,170,1,2,,,"2025-01-10 14:39:19"
1105,La Grande Crisi,Dakerino,19,22,270,1,2,,,"2025-01-10 14:39:19"
1106,La Peste Vol. 1,AntonioSon2002,19,13,170,1,2,,,"2025-01-10 14:39:19"
1107,La Peste vol. 3,AntonioSon2002,19,42,470,1,2,,,"2025-01-10 14:39:19"
1108,La peste vol.2,AntonioSon2002,19,28,270,1,2,,,"2025-01-10 14:39:19"
1109,la vecchia Metropolis,Dakerino,19,33,370,1,2,,,"2025-01-10 14:39:19"
1110,L'amore è muto,Cryzotek,19,20,170,1,2,,,"2025-01-10 14:39:19"
1111,Lecitta'invisibi,obiwankenobi8,19,4,70,1,2,,,"2025-01-10 14:39:19"
1112,Leonida e i 300,Marietto40,19,8,70,1,2,,,"2025-01-10 14:39:19"
1113,libretto rosso,IduesulamaYT,19,27,270,1,2,,,"2025-01-10 14:39:19"
1114,mafia&... 1,BROSSQUAD05,19,33,370,1,2,,,"2025-01-10 14:39:19"
1115,Mitologia Cap.1,Fruads,19,5,70,1,2,,,"2025-01-10 14:39:19"
1116,Mitologia Egizia,froggysnake33,19,20,170,1,2,,,"2025-01-10 14:39:19"
1117,Mitologia Greca (Fruads),Fruads,19,16,170,1,2,,,"2025-01-10 14:39:19"
1118,NAPOLEONE,pascia,19,31,370,1,2,,,"2025-01-10 14:39:19"
1119,Nascita di Dei,marcusregulus,19,4,70,1,2,,,"2025-01-10 14:39:19"
1120,Par no dismenteÃ ,Cryzotek,19,10,70,1,2,,,"2025-01-10 14:39:19"
1121,Piggy Lo Sposo,Dakerino,19,9,70,1,2,,,"2025-01-10 14:39:19"
1122,Rue Danton,Cryzotek,19,43,470,1,2,,,"2025-01-10 14:39:19"
1123,se questo è uomo,Toni_7887,19,10,70,1,2,,,"2025-01-10 14:39:19"
1124,Storia Italiana,deretey12345,19,15,170,1,2,,,"2025-01-10 14:39:19"
1125,Tomo I,Lorensio,19,6,70,1,2,,,"2025-01-10 14:39:19"
1126,Ungaretti Poeta,sonofortebo,19,6,70,1,2,,,"2025-01-10 14:39:19"
1127,Vichinghi,GlaceBug,19,10,70,1,2,,,"2025-01-10 14:39:19"
1128,Claustrofobia,giulia06_Ita,20,8,70,1,2,,,"2025-01-10 14:39:19"
1129,Death parade,Lokega,20,47,470,1,2,,,"2025-01-10 14:39:19"
1130,enigmi,iCarol,20,6,70,1,2,,,"2025-01-10 14:39:19"
1131,Ho l'ansia,OhLonely,20,3,70,1,2,,,"2025-01-10 14:39:19"
1132,Ho l'ansia vol 2,OhLonely,20,4,70,1,2,,,"2025-01-10 14:39:19"
1133,Ho l'ansia vol 3,OhLonely,20,4,70,1,2,,,"2025-01-10 14:39:19"
1134,LA CAMERA ROSSA,Luckysmile006,20,17,170,1,2,,,"2025-01-10 14:39:19"
1135,la vendetta,werewere0908,20,10,70,1,2,,,"2025-01-10 14:39:19"
1136,La Vita...,L30N4RD0,20,8,70,1,2,,,"2025-01-10 14:39:19"
1137,Libro Thriller,SeppiaAzzurra,20,50,470,1,2,,,"2025-01-10 14:39:19"
1138,Ricordi Turbati,HerrscherPath,20,29,270,1,2,,,"2025-01-10 14:39:19"
1139,Sotto controllo,"3l4Red",20,28,270,1,2,,,"2025-01-10 14:39:19"
1140,Sotto Ombre,Nico_Killed_YT,20,19,170,1,2,,,"2025-01-10 14:39:19"
1141,The Demon,freynumber1,20,10,70,1,2,,,"2025-01-10 14:39:19"
1142,Traccia Mortale,Marietto40,20,18,170,1,2,,,"2025-01-10 14:39:19"
1143,Tu Sei Me Stesso,Dakerino,20,20,170,1,2,,,"2025-01-10 14:39:19"
1144,Il nodo alla gola,KOWolf_,16,6,70,1,2,2,"2025-02-06 22:25:10.412 +00:00","2025-01-29 00:02:41.378 +00:00"
1145,Libro di Testo [Matematica],Scuola Metropolis,21,46,28,1,2,2,"2025-02-06 22:22:00.435 +00:00","2025-01-31 17:52:08.372 +00:00"
1147,Libro di Testo [Inglese],Scuola Metropolis,21,100,25,1,2,2,"2025-02-06 22:19:52.779 +00:00","2025-01-31 17:56:39.851 +00:00"
1149,Libro di Testo [Italiano],Scuola Metropolis,21,100,28,1,2,2,"2025-02-06 21:56:54.765 +00:00","2025-02-01 00:58:46.370 +00:00"
1150,Libro di Testo [Scienze],Scuola Metropolis,21,100,25,1,2,2,"2025-02-06 21:55:29.683 +00:00","2025-02-01 15:09:38.643 +00:00"
1151,Libro di Testo [Storia],Scuola Metropolis,21,80,25,1,2,2,"2025-02-06 21:47:45.887 +00:00","2025-02-01 15:10:26.351 +00:00"
1152,Libro di Testo [Motoria],Scuola Metropolis,21,94,25,1,2,2,"2025-02-06 21:41:29.785 +00:00","2025-02-01 15:11:10.243 +00:00"
1154,Libro di Testo [Geografia],Scuola Metropolis,21,45,25,1,2,2,"2025-02-06 21:34:34.358 +00:00","2025-02-03 16:12:09.485 +00:00"
